"","session_code","round_number","id_in_subsession","asset_id","timestamp","taker_id","maker_id","price","volume","period_length","num_assets","num_states","asset_endowments","cash_endowment","practice","x","G","L","p1","p2","p3","state_independent","salient_payoff","asset_type"
"1","1iefx832",1,1,"A",61.519102,8,7,90,1,240,2,3,"2 2",1000,1,100,80,20,0.1,0.5,0.4,0,0,"A and B"
"2","1iefx832",1,1,"A",66.257386,10,2,80,1,240,2,3,"2 2",1000,1,100,80,20,0.1,0.5,0.4,0,0,"A and B"
"3","1iefx832",1,1,"A",69.729361,12,5,60,1,240,2,3,"2 2",1000,1,100,80,20,0.1,0.5,0.4,0,0,"A and B"
"4","1iefx832",1,1,"A",81.776884,14,3,25,1,240,2,3,"2 2",1000,1,100,80,20,0.1,0.5,0.4,0,0,"A and B"
"5","1iefx832",1,1,"A",101.24368,19,15,60,1,240,2,3,"2 2",1000,1,100,80,20,0.1,0.5,0.4,0,0,"A and B"
"6","1iefx832",1,1,"A",138.952561,27,26,25,1,240,2,3,"2 2",1000,1,100,80,20,0.1,0.5,0.4,0,0,"A and B"
"7","1iefx832",1,1,"A",206.624609,35,25,80,1,240,2,3,"2 2",1000,1,100,80,20,0.1,0.5,0.4,0,0,"A and B"
"8","1iefx832",1,1,"A",217.409443,39,37,80,1,240,2,3,"2 2",1000,1,100,80,20,0.1,0.5,0.4,0,0,"A and B"
"9","1iefx832",1,1,"B",72.567531,13,9,100,1,240,2,3,"2 2",1000,1,100,80,20,0.1,0.5,0.4,0,0,"A and B"
"10","1iefx832",1,1,"B",106.863132,21,18,90,1,240,2,3,"2 2",1000,1,100,80,20,0.1,0.5,0.4,0,0,"A and B"
"11","1iefx832",1,1,"B",115.641038,24,22,90,1,240,2,3,"2 2",1000,1,100,80,20,0.1,0.5,0.4,0,0,"A and B"
"12","1iefx832",1,1,"B",169.582372,31,30,70,1,240,2,3,"2 2",1000,1,100,80,20,0.1,0.5,0.4,0,0,"A and B"
"13","1iefx832",1,1,"B",173.565996,32,28,90,1,240,2,3,"2 2",1000,1,100,80,20,0.1,0.5,0.4,0,0,"A and B"
"14","1iefx832",1,1,"B",217.824279,40,38,68,1,240,2,3,"2 2",1000,1,100,80,20,0.1,0.5,0.4,0,0,"A and B"
"15","1iefx832",2,1,"A",16.189062,46,45,40,1,240,2,3,"2 2",1000,0,100,80,20,0.1,0.5,0.4,0,0,"A and B"
"16","1iefx832",2,1,"A",22.747059,49,47,60,1,240,2,3,"2 2",1000,0,100,80,20,0.1,0.5,0.4,0,0,"A and B"
"17","1iefx832",2,1,"A",30.106852,53,50,50,1,240,2,3,"2 2",1000,0,100,80,20,0.1,0.5,0.4,0,0,"A and B"
"18","1iefx832",2,1,"A",33.449134,54,51,50,1,240,2,3,"2 2",1000,0,100,80,20,0.1,0.5,0.4,0,0,"A and B"
"19","1iefx832",2,1,"A",39.891737,59,48,80,1,240,2,3,"2 2",1000,0,100,80,20,0.1,0.5,0.4,0,0,"A and B"
"20","1iefx832",2,1,"A",63.132344,71,66,60,1,240,2,3,"2 2",1000,0,100,80,20,0.1,0.5,0.4,0,0,"A and B"
"21","1iefx832",2,1,"A",69.224112,72,58,70,1,240,2,3,"2 2",1000,0,100,80,20,0.1,0.5,0.4,0,0,"A and B"
"22","1iefx832",2,1,"A",171.025517,96,85,70,1,240,2,3,"2 2",1000,0,100,80,20,0.1,0.5,0.4,0,0,"A and B"
"23","1iefx832",2,1,"A",174.99739,98,95,90,1,240,2,3,"2 2",1000,0,100,80,20,0.1,0.5,0.4,0,0,"A and B"
"24","1iefx832",2,1,"A",183.998095,101,94,100,1,240,2,3,"2 2",1000,0,100,80,20,0.1,0.5,0.4,0,0,"A and B"
"25","1iefx832",2,1,"B",35.353557,55,52,70,1,240,2,3,"2 2",1000,0,100,80,20,0.1,0.5,0.4,0,0,"A and B"
"26","1iefx832",2,1,"B",57.963281,67,61,50,1,240,2,3,"2 2",1000,0,100,80,20,0.1,0.5,0.4,0,0,"A and B"
"27","1iefx832",2,1,"B",62.709334,70,62,80,1,240,2,3,"2 2",1000,0,100,80,20,0.1,0.5,0.4,0,0,"A and B"
"28","1iefx832",2,1,"B",78.06538,77,75,60,1,240,2,3,"2 2",1000,0,100,80,20,0.1,0.5,0.4,0,0,"A and B"
"29","1iefx832",2,1,"B",105.128381,84,83,50,1,240,2,3,"2 2",1000,0,100,80,20,0.1,0.5,0.4,0,0,"A and B"
"30","1iefx832",2,1,"B",116.291988,86,82,75,1,240,2,3,"2 2",1000,0,100,80,20,0.1,0.5,0.4,0,0,"A and B"
"31","1iefx832",2,1,"B",126.885205,89,74,80,1,240,2,3,"2 2",1000,0,100,80,20,0.1,0.5,0.4,0,0,"A and B"
"32","1iefx832",2,1,"B",145.884068,93,92,75,1,240,2,3,"2 2",1000,0,100,80,20,0.1,0.5,0.4,0,0,"A and B"
"33","1iefx832",2,1,"B",201.437442,106,100,90,1,240,2,3,"2 2",1000,0,100,80,20,0.1,0.5,0.4,0,0,"A and B"
"34","1iefx832",3,1,"A",7.49604,113,112,60,1,240,2,3,"2 2",1000,0,100,80,20,0.1,0.5,0.4,0,0,"A and B"
"35","1iefx832",3,1,"A",23.236437,122,119,90,1,240,2,3,"2 2",1000,0,100,80,20,0.1,0.5,0.4,0,0,"A and B"
"36","1iefx832",3,1,"A",32.408078,126,123,80,1,240,2,3,"2 2",1000,0,100,80,20,0.1,0.5,0.4,0,0,"A and B"
"37","1iefx832",3,1,"A",34.578952,128,124,75,1,240,2,3,"2 2",1000,0,100,80,20,0.1,0.5,0.4,0,0,"A and B"
"38","1iefx832",3,1,"A",39.828,130,127,90,1,240,2,3,"2 2",1000,0,100,80,20,0.1,0.5,0.4,0,0,"A and B"
"39","1iefx832",3,1,"A",69.547445,145,142,95,1,240,2,3,"2 2",1000,0,100,80,20,0.1,0.5,0.4,0,0,"A and B"
"40","1iefx832",3,1,"A",75.745227,148,139,100,1,240,2,3,"2 2",1000,0,100,80,20,0.1,0.5,0.4,0,0,"A and B"
"41","1iefx832",3,1,"A",128.241783,167,163,150,1,240,2,3,"2 2",1000,0,100,80,20,0.1,0.5,0.4,0,0,"A and B"
"42","1iefx832",3,1,"B",17.073986,117,114,70,1,240,2,3,"2 2",1000,0,100,80,20,0.1,0.5,0.4,0,0,"A and B"
"43","1iefx832",3,1,"B",48.017979,134,131,90,1,240,2,3,"2 2",1000,0,100,80,20,0.1,0.5,0.4,0,0,"A and B"
"44","1iefx832",3,1,"B",52.964592,137,135,89,1,240,2,3,"2 2",1000,0,100,80,20,0.1,0.5,0.4,0,0,"A and B"
"45","1iefx832",3,1,"B",67.762581,143,133,90,1,240,2,3,"2 2",1000,0,100,80,20,0.1,0.5,0.4,0,0,"A and B"
"46","1iefx832",3,1,"B",73.37834,146,129,95,1,240,2,3,"2 2",1000,0,100,80,20,0.1,0.5,0.4,0,0,"A and B"
"47","1iefx832",3,1,"B",74.162716,147,144,80,1,240,2,3,"2 2",1000,0,100,80,20,0.1,0.5,0.4,0,0,"A and B"
"48","1iefx832",3,1,"B",96.946505,157,155,80,1,240,2,3,"2 2",1000,0,100,80,20,0.1,0.5,0.4,0,0,"A and B"
"49","1iefx832",3,1,"B",100.552492,158,154,84,1,240,2,3,"2 2",1000,0,100,80,20,0.1,0.5,0.4,0,0,"A and B"
"50","1iefx832",3,1,"B",104.395463,160,153,85,1,240,2,3,"2 2",1000,0,100,80,20,0.1,0.5,0.4,0,0,"A and B"
"51","1iefx832",4,1,"A",8.810184,185,184,60,1,240,2,3,"2 2",1000,0,100,80,20,0.1,0.5,0.4,0,0,"A and B"
"52","1iefx832",4,1,"A",18.803606,191,189,80,1,240,2,3,"2 2",1000,0,100,80,20,0.1,0.5,0.4,0,0,"A and B"
"53","1iefx832",4,1,"A",26.316206,197,194,80,1,240,2,3,"2 2",1000,0,100,80,20,0.1,0.5,0.4,0,0,"A and B"
"54","1iefx832",4,1,"A",74.800615,213,212,110,1,240,2,3,"2 2",1000,0,100,80,20,0.1,0.5,0.4,0,0,"A and B"
"55","1iefx832",4,1,"A",105.548671,219,216,105,1,240,2,3,"2 2",1000,0,100,80,20,0.1,0.5,0.4,0,0,"A and B"
"56","1iefx832",4,1,"A",198.370735,232,231,105,1,240,2,3,"2 2",1000,0,100,80,20,0.1,0.5,0.4,0,0,"A and B"
"57","1iefx832",4,1,"B",19.574835,192,188,70,1,240,2,3,"2 2",1000,0,100,80,20,0.1,0.5,0.4,0,0,"A and B"
"58","1iefx832",4,1,"B",33.958125,202,201,91,1,240,2,3,"2 2",1000,0,100,80,20,0.1,0.5,0.4,0,0,"A and B"
"59","1iefx832",4,1,"B",46.02122,208,205,99,1,240,2,3,"2 2",1000,0,100,80,20,0.1,0.5,0.4,0,0,"A and B"
"60","1iefx832",4,1,"B",56.081222,209,207,91,1,240,2,3,"2 2",1000,0,100,80,20,0.1,0.5,0.4,0,0,"A and B"
"61","1iefx832",4,1,"B",62.8397,211,200,100,1,240,2,3,"2 2",1000,0,100,80,20,0.1,0.5,0.4,0,0,"A and B"
"62","1iefx832",4,1,"B",204.887588,233,230,102,1,240,2,3,"2 2",1000,0,100,80,20,0.1,0.5,0.4,0,0,"A and B"
"63","1iefx832",4,1,"B",212.576446,234,229,103,1,240,2,3,"2 2",1000,0,100,80,20,0.1,0.5,0.4,0,0,"A and B"
"64","1iefx832",4,1,"B",229.192565,237,235,102,1,240,2,3,"2 2",1000,0,100,80,20,0.1,0.5,0.4,0,0,"A and B"
"65","1iefx832",5,1,"A",7.049446,241,238,90,1,240,2,3,"2 2",1000,0,100,80,20,0.1,0.5,0.4,0,0,"A and B"
"66","1iefx832",5,1,"A",14.196351,246,244,80,1,240,2,3,"2 2",1000,0,100,80,20,0.1,0.5,0.4,0,0,"A and B"
"67","1iefx832",5,1,"A",26.938546,254,251,75,1,240,2,3,"2 2",1000,0,100,80,20,0.1,0.5,0.4,0,0,"A and B"
"68","1iefx832",5,1,"A",93.392936,284,282,105,1,240,2,3,"2 2",1000,0,100,80,20,0.1,0.5,0.4,0,0,"A and B"
"69","1iefx832",5,1,"A",115.684105,291,288,100,1,240,2,3,"2 2",1000,0,100,80,20,0.1,0.5,0.4,0,0,"A and B"
"70","1iefx832",5,1,"A",116.961037,292,268,91,1,240,2,3,"2 2",1000,0,100,80,20,0.1,0.5,0.4,0,0,"A and B"
"71","1iefx832",5,1,"B",16.042831,249,248,90,1,240,2,3,"2 2",1000,0,100,80,20,0.1,0.5,0.4,0,0,"A and B"
"72","1iefx832",5,1,"B",21.464511,253,252,80,1,240,2,3,"2 2",1000,0,100,80,20,0.1,0.5,0.4,0,0,"A and B"
"73","1iefx832",5,1,"B",44.882383,261,250,100,1,240,2,3,"2 2",1000,0,100,80,20,0.1,0.5,0.4,0,0,"A and B"
"74","1iefx832",5,1,"B",49.644728,264,263,95,1,240,2,3,"2 2",1000,0,100,80,20,0.1,0.5,0.4,0,0,"A and B"
"75","1iefx832",5,1,"B",85.800423,281,277,105,1,240,2,3,"2 2",1000,0,100,80,20,0.1,0.5,0.4,0,0,"A and B"
"76","1iefx832",5,1,"B",205.169354,302,301,100,1,240,2,3,"2 2",1000,0,100,80,20,0.1,0.5,0.4,0,0,"A and B"
"77","1iefx832",6,1,"A",14.034192,309,308,90,1,240,2,3,"2 2",1000,0,100,80,20,0.1,0.5,0.4,0,0,"A and B"
"78","1iefx832",6,1,"A",30.844254,320,318,90,1,240,2,3,"2 2",1000,0,100,80,20,0.1,0.5,0.4,0,0,"A and B"
"79","1iefx832",6,1,"A",42.471129,326,323,100,1,240,2,3,"2 2",1000,0,100,80,20,0.1,0.5,0.4,0,0,"A and B"
"80","1iefx832",6,1,"A",68.510673,332,331,105,1,240,2,3,"2 2",1000,0,100,80,20,0.1,0.5,0.4,0,0,"A and B"
"81","1iefx832",6,1,"A",132.104384,348,341,103,1,240,2,3,"2 2",1000,0,100,80,20,0.1,0.5,0.4,0,0,"A and B"
"82","1iefx832",6,1,"A",175.232946,357,336,101,1,240,2,3,"2 2",1000,0,100,80,20,0.1,0.5,0.4,0,0,"A and B"
"83","1iefx832",6,1,"B",21.972898,313,312,90,1,240,2,3,"2 2",1000,0,100,80,20,0.1,0.5,0.4,0,0,"A and B"
"84","1iefx832",6,1,"B",28.712212,317,314,100,1,240,2,3,"2 2",1000,0,100,80,20,0.1,0.5,0.4,0,0,"A and B"
"85","1iefx832",6,1,"B",31.779199,321,316,100,1,240,2,3,"2 2",1000,0,100,80,20,0.1,0.5,0.4,0,0,"A and B"
"86","1iefx832",6,1,"B",50.252966,328,325,110,1,240,2,3,"2 2",1000,0,100,80,20,0.1,0.5,0.4,0,0,"A and B"
"87","1iefx832",6,1,"B",78.291813,335,333,100,1,240,2,3,"2 2",1000,0,100,80,20,0.1,0.5,0.4,0,0,"A and B"
"88","1iefx832",6,1,"B",130.963007,347,346,85,1,240,2,3,"2 2",1000,0,100,80,20,0.1,0.5,0.4,0,0,"A and B"
"89","1iefx832",6,1,"B",217.376992,366,364,100,1,240,2,3,"2 2",1000,0,100,80,20,0.1,0.5,0.4,0,0,"A and B"
"90","1iefx832",6,1,"B",233.506147,368,362,104,1,240,2,3,"2 2",1000,0,100,80,20,0.1,0.5,0.4,0,0,"A and B"
"91","1iefx832",7,1,"A",28.942948,382,380,100,1,240,2,3,"2 2",1000,0,100,80,20,0.1,0.5,0.4,0,0,"A and B"
"92","1iefx832",7,1,"A",58.145155,397,393,110,1,240,2,3,"2 2",1000,0,100,80,20,0.1,0.5,0.4,0,0,"A and B"
"93","1iefx832",7,1,"A",62.086517,400,398,105,1,240,2,3,"2 2",1000,0,100,80,20,0.1,0.5,0.4,0,0,"A and B"
"94","1iefx832",7,1,"A",73.557649,403,399,103,1,240,2,3,"2 2",1000,0,100,80,20,0.1,0.5,0.4,0,0,"A and B"
"95","1iefx832",7,1,"A",85.061832,407,401,105,1,240,2,3,"2 2",1000,0,100,80,20,0.1,0.5,0.4,0,0,"A and B"
"96","1iefx832",7,1,"A",86.410606,408,405,104,1,240,2,3,"2 2",1000,0,100,80,20,0.1,0.5,0.4,0,0,"A and B"
"97","1iefx832",7,1,"A",90.275629,410,395,101,1,240,2,3,"2 2",1000,0,100,80,20,0.1,0.5,0.4,0,0,"A and B"
"98","1iefx832",7,1,"A",201.654095,434,414,101,1,240,2,3,"2 2",1000,0,100,80,20,0.1,0.5,0.4,0,0,"A and B"
"99","1iefx832",7,1,"B",20.874535,378,376,95,1,240,2,3,"2 2",1000,0,100,80,20,0.1,0.5,0.4,0,0,"A and B"
"100","1iefx832",7,1,"B",39.235029,387,384,100,1,240,2,3,"2 2",1000,0,100,80,20,0.1,0.5,0.4,0,0,"A and B"
"101","1iefx832",7,1,"B",51.747947,394,390,105,1,240,2,3,"2 2",1000,0,100,80,20,0.1,0.5,0.4,0,0,"A and B"
"102","1iefx832",7,1,"B",71.635599,402,392,100,1,240,2,3,"2 2",1000,0,100,80,20,0.1,0.5,0.4,0,0,"A and B"
"103","1iefx832",7,1,"B",102.984066,415,406,100,1,240,2,3,"2 2",1000,0,100,80,20,0.1,0.5,0.4,0,0,"A and B"
"104","1iefx832",7,1,"B",118.097995,420,417,105,1,240,2,3,"2 2",1000,0,100,80,20,0.1,0.5,0.4,0,0,"A and B"
"105","1iefx832",7,1,"B",124.588585,421,419,108,1,240,2,3,"2 2",1000,0,100,80,20,0.1,0.5,0.4,0,0,"A and B"
"106","1iefx832",7,1,"B",187.920332,432,431,101,1,240,2,3,"2 2",1000,0,100,80,20,0.1,0.5,0.4,0,0,"A and B"
"107","1iefx832",8,1,"A",12.559843,449,447,110,1,240,2,3,"2 2",1000,0,100,80,20,0.1,0.5,0.4,0,0,"A and B"
"108","1iefx832",8,1,"A",56.47105,474,470,109,1,240,2,3,"2 2",1000,0,100,80,20,0.1,0.5,0.4,0,0,"A and B"
"109","1iefx832",8,1,"A",105.225079,486,454,102,1,240,2,3,"2 2",1000,0,100,80,20,0.1,0.5,0.4,0,0,"A and B"
"110","1iefx832",8,1,"A",141.795093,492,491,102,1,240,2,3,"2 2",1000,0,100,80,20,0.1,0.5,0.4,0,0,"A and B"
"111","1iefx832",8,1,"A",184.322913,500,443,101,1,240,2,3,"2 2",1000,0,100,80,20,0.1,0.5,0.4,0,0,"A and B"
"112","1iefx832",8,1,"B",21.519111,455,452,100,1,240,2,3,"2 2",1000,0,100,80,20,0.1,0.5,0.4,0,0,"A and B"
"113","1iefx832",8,1,"B",29.898857,460,457,105,1,240,2,3,"2 2",1000,0,100,80,20,0.1,0.5,0.4,0,0,"A and B"
"114","1iefx832",8,1,"B",39.177627,467,465,105,1,240,2,3,"2 2",1000,0,100,80,20,0.1,0.5,0.4,0,0,"A and B"
"115","1iefx832",8,1,"B",44.599939,469,459,110,1,240,2,3,"2 2",1000,0,100,80,20,0.1,0.5,0.4,0,0,"A and B"
"116","1iefx832",8,1,"B",49.759032,472,468,105,1,240,2,3,"2 2",1000,0,100,80,20,0.1,0.5,0.4,0,0,"A and B"
"117","1iefx832",8,1,"B",70.002027,478,476,108,1,240,2,3,"2 2",1000,0,100,80,20,0.1,0.5,0.4,0,0,"A and B"
"118","1iefx832",8,1,"B",115.810664,488,487,106,1,240,2,3,"2 2",1000,0,100,80,20,0.1,0.5,0.4,0,0,"A and B"
"119","dn9wupui",1,1,"A",21.646484,2,1,100,1,240,2,2,"2 2",1000,1,100,80,20,0.2,0,0.8,1,0,"A and B"
"120","dn9wupui",1,1,"A",27.738498,4,3,140,1,240,2,2,"2 2",1000,1,100,80,20,0.2,0,0.8,1,0,"A and B"
"121","dn9wupui",1,1,"A",40.701467,7,6,110,1,240,2,2,"2 2",1000,1,100,80,20,0.2,0,0.8,1,0,"A and B"
"122","dn9wupui",1,1,"A",68.580292,19,12,130,1,240,2,2,"2 2",1000,1,100,80,20,0.2,0,0.8,1,0,"A and B"
"123","dn9wupui",1,1,"A",91.265235,23,17,120,1,240,2,2,"2 2",1000,1,100,80,20,0.2,0,0.8,1,0,"A and B"
"124","dn9wupui",1,1,"A",130.513152,34,27,115,1,240,2,2,"2 2",1000,1,100,80,20,0.2,0,0.8,1,0,"A and B"
"125","dn9wupui",1,1,"A",162.37029,41,39,120,1,240,2,2,"2 2",1000,1,100,80,20,0.2,0,0.8,1,0,"A and B"
"126","dn9wupui",1,1,"B",87.43402,21,18,100,1,240,2,2,"2 2",1000,1,100,80,20,0.2,0,0.8,1,0,"A and B"
"127","dn9wupui",1,1,"B",100.556348,26,20,110,1,240,2,2,"2 2",1000,1,100,80,20,0.2,0,0.8,1,0,"A and B"
"128","dn9wupui",1,1,"B",118.839392,32,25,120,1,240,2,2,"2 2",1000,1,100,80,20,0.2,0,0.8,1,0,"A and B"
"129","dn9wupui",1,1,"B",177.362309,42,31,100,1,240,2,2,"2 2",1000,1,100,80,20,0.2,0,0.8,1,0,"A and B"
"130","dn9wupui",1,1,"B",208.722597,48,28,130,1,240,2,2,"2 2",1000,1,100,80,20,0.2,0,0.8,1,0,"A and B"
"131","dn9wupui",1,1,"B",212.170603,50,30,130,1,240,2,2,"2 2",1000,1,100,80,20,0.2,0,0.8,1,0,"A and B"
"132","dn9wupui",1,1,"B",216.557846,51,46,140,1,240,2,2,"2 2",1000,1,100,80,20,0.2,0,0.8,1,0,"A and B"
"133","dn9wupui",1,1,"B",236.079752,54,52,120,1,240,2,2,"2 2",1000,1,100,80,20,0.2,0,0.8,1,0,"A and B"
"134","dn9wupui",2,1,"A",18.884833,62,59,105,1,240,2,2,"2 2",1000,0,100,80,20,0.2,0,0.8,1,0,"A and B"
"135","dn9wupui",2,1,"A",27.88679,67,57,100,1,240,2,2,"2 2",1000,0,100,80,20,0.2,0,0.8,1,0,"A and B"
"136","dn9wupui",2,1,"A",45.371965,78,69,100,1,240,2,2,"2 2",1000,0,100,80,20,0.2,0,0.8,1,0,"A and B"
"137","dn9wupui",2,1,"A",94.313791,91,80,119,1,240,2,2,"2 2",1000,0,100,80,20,0.2,0,0.8,1,0,"A and B"
"138","dn9wupui",2,1,"A",110.234922,96,95,110,1,240,2,2,"2 2",1000,0,100,80,20,0.2,0,0.8,1,0,"A and B"
"139","dn9wupui",2,1,"A",116.236265,98,97,110,1,240,2,2,"2 2",1000,0,100,80,20,0.2,0,0.8,1,0,"A and B"
"140","dn9wupui",2,1,"A",142.371244,101,100,115,1,240,2,2,"2 2",1000,0,100,80,20,0.2,0,0.8,1,0,"A and B"
"141","dn9wupui",2,1,"B",38.973431,73,70,105,1,240,2,2,"2 2",1000,0,100,80,20,0.2,0,0.8,1,0,"A and B"
"142","dn9wupui",2,1,"B",43.075559,77,71,105,1,240,2,2,"2 2",1000,0,100,80,20,0.2,0,0.8,1,0,"A and B"
"143","dn9wupui",2,1,"B",65.957972,83,81,110,1,240,2,2,"2 2",1000,0,100,80,20,0.2,0,0.8,1,0,"A and B"
"144","dn9wupui",2,1,"B",70.902134,84,61,100,1,240,2,2,"2 2",1000,0,100,80,20,0.2,0,0.8,1,0,"A and B"
"145","dn9wupui",2,1,"B",102.849784,94,87,100,1,240,2,2,"2 2",1000,0,100,80,20,0.2,0,0.8,1,0,"A and B"
"146","dn9wupui",2,1,"B",220.082591,107,106,111,1,240,2,2,"2 2",1000,0,100,80,20,0.2,0,0.8,1,0,"A and B"
"147","dn9wupui",3,1,"A",28.555886,123,121,110,1,240,2,2,"2 2",1000,0,100,80,20,0.2,0,0.8,1,0,"A and B"
"148","dn9wupui",3,1,"A",48.94156,137,126,120,1,240,2,2,"2 2",1000,0,100,80,20,0.2,0,0.8,1,0,"A and B"
"149","dn9wupui",3,1,"A",50.796043,138,133,100,1,240,2,2,"2 2",1000,0,100,80,20,0.2,0,0.8,1,0,"A and B"
"150","dn9wupui",3,1,"A",155.401988,156,150,110,1,240,2,2,"2 2",1000,0,100,80,20,0.2,0,0.8,1,0,"A and B"
"151","dn9wupui",3,1,"B",10.500674,112,111,100,1,240,2,2,"2 2",1000,0,100,80,20,0.2,0,0.8,1,0,"A and B"
"152","dn9wupui",3,1,"B",14.4713,114,113,100,1,240,2,2,"2 2",1000,0,100,80,20,0.2,0,0.8,1,0,"A and B"
"153","dn9wupui",3,1,"B",37.798826,128,125,100,1,240,2,2,"2 2",1000,0,100,80,20,0.2,0,0.8,1,0,"A and B"
"154","dn9wupui",3,1,"B",54.293539,139,120,105,1,240,2,2,"2 2",1000,0,100,80,20,0.2,0,0.8,1,0,"A and B"
"155","dn9wupui",3,1,"B",67.628839,142,129,100,1,240,2,2,"2 2",1000,0,100,80,20,0.2,0,0.8,1,0,"A and B"
"156","dn9wupui",3,1,"B",84.300136,145,131,100,1,240,2,2,"2 2",1000,0,100,80,20,0.2,0,0.8,1,0,"A and B"
"157","dn9wupui",3,1,"B",107.114221,147,146,102,1,240,2,2,"2 2",1000,0,100,80,20,0.2,0,0.8,1,0,"A and B"
"158","dn9wupui",3,1,"B",203.009778,160,159,101,1,240,2,2,"2 2",1000,0,100,80,20,0.2,0,0.8,1,0,"A and B"
"159","dn9wupui",3,1,"B",213.021532,163,158,110,1,240,2,2,"2 2",1000,0,100,80,20,0.2,0,0.8,1,0,"A and B"
"160","dn9wupui",3,1,"B",218.317303,165,162,102,1,240,2,2,"2 2",1000,0,100,80,20,0.2,0,0.8,1,0,"A and B"
"161","dn9wupui",4,1,"A",52.050989,199,196,125,1,240,2,2,"2 2",1000,0,100,80,20,0.2,0,0.8,1,0,"A and B"
"162","dn9wupui",4,1,"A",109.919661,213,207,120,1,240,2,2,"2 2",1000,0,100,80,20,0.2,0,0.8,1,0,"A and B"
"163","dn9wupui",4,1,"A",226.630019,226,211,110,1,240,2,2,"2 2",1000,0,100,80,20,0.2,0,0.8,1,0,"A and B"
"164","dn9wupui",4,1,"B",20.454915,177,174,110,1,240,2,2,"2 2",1000,0,100,80,20,0.2,0,0.8,1,0,"A and B"
"165","dn9wupui",4,1,"B",34.280207,188,184,110,1,240,2,2,"2 2",1000,0,100,80,20,0.2,0,0.8,1,0,"A and B"
"166","dn9wupui",4,1,"B",58.349239,201,198,100,1,240,2,2,"2 2",1000,0,100,80,20,0.2,0,0.8,1,0,"A and B"
"167","dn9wupui",4,1,"B",61.332009,203,202,100,1,240,2,2,"2 2",1000,0,100,80,20,0.2,0,0.8,1,0,"A and B"
"168","dn9wupui",4,1,"B",64.677649,204,200,102,1,240,2,2,"2 2",1000,0,100,80,20,0.2,0,0.8,1,0,"A and B"
"169","dn9wupui",4,1,"B",162.87832,221,215,102,1,240,2,2,"2 2",1000,0,100,80,20,0.2,0,0.8,1,0,"A and B"
"170","dn9wupui",5,1,"A",35.623611,247,234,110,1,240,2,2,"2 2",1000,0,100,80,20,0.2,0,0.8,1,0,"A and B"
"171","dn9wupui",5,1,"A",50.094093,255,252,110,1,240,2,2,"2 2",1000,0,100,80,20,0.2,0,0.8,1,0,"A and B"
"172","dn9wupui",5,1,"A",59.94689,259,256,108,1,240,2,2,"2 2",1000,0,100,80,20,0.2,0,0.8,1,0,"A and B"
"173","dn9wupui",5,1,"A",75.437061,265,261,110,1,240,2,2,"2 2",1000,0,100,80,20,0.2,0,0.8,1,0,"A and B"
"174","dn9wupui",5,1,"A",100.880512,267,263,106,1,240,2,2,"2 2",1000,0,100,80,20,0.2,0,0.8,1,0,"A and B"
"175","dn9wupui",5,1,"B",19.968551,237,231,109,1,240,2,2,"2 2",1000,0,100,80,20,0.2,0,0.8,1,0,"A and B"
"176","dn9wupui",5,1,"B",31.907268,244,240,111,1,240,2,2,"2 2",1000,0,100,80,20,0.2,0,0.8,1,0,"A and B"
"177","dn9wupui",5,1,"B",40.183241,249,229,110,1,240,2,2,"2 2",1000,0,100,80,20,0.2,0,0.8,1,0,"A and B"
"178","dn9wupui",5,1,"B",63.015188,260,228,115,1,240,2,2,"2 2",1000,0,100,80,20,0.2,0,0.8,1,0,"A and B"
"179","dn9wupui",5,1,"B",178.532732,273,258,107,1,240,2,2,"2 2",1000,0,100,80,20,0.2,0,0.8,1,0,"A and B"
"180","dn9wupui",5,1,"B",189.751649,275,262,116,1,240,2,2,"2 2",1000,0,100,80,20,0.2,0,0.8,1,0,"A and B"
"181","dn9wupui",5,1,"B",222.542142,280,278,110,1,240,2,2,"2 2",1000,0,100,80,20,0.2,0,0.8,1,0,"A and B"
"182","dn9wupui",6,1,"A",13.370207,290,285,100,1,240,2,2,"2 2",1000,0,100,80,20,0.2,0,0.8,1,0,"A and B"
"183","dn9wupui",6,1,"A",48.469028,310,308,110,1,240,2,2,"2 2",1000,0,100,80,20,0.2,0,0.8,1,0,"A and B"
"184","dn9wupui",6,1,"A",54.356694,311,302,105,1,240,2,2,"2 2",1000,0,100,80,20,0.2,0,0.8,1,0,"A and B"
"185","dn9wupui",6,1,"B",12.416351,287,283,100,1,240,2,2,"2 2",1000,0,100,80,20,0.2,0,0.8,1,0,"A and B"
"186","dn9wupui",6,1,"B",15.22875,293,291,100,1,240,2,2,"2 2",1000,0,100,80,20,0.2,0,0.8,1,0,"A and B"
"187","dn9wupui",6,1,"B",30.294454,304,300,110,1,240,2,2,"2 2",1000,0,100,80,20,0.2,0,0.8,1,0,"A and B"
"188","dn9wupui",6,1,"B",39.395186,306,303,110,1,240,2,2,"2 2",1000,0,100,80,20,0.2,0,0.8,1,0,"A and B"
"189","dn9wupui",6,1,"B",70.889999,317,295,111,1,240,2,2,"2 2",1000,0,100,80,20,0.2,0,0.8,1,0,"A and B"
"190","dn9wupui",6,1,"B",80.442787,321,320,107,1,240,2,2,"2 2",1000,0,100,80,20,0.2,0,0.8,1,0,"A and B"
"191","dn9wupui",6,1,"B",110.354977,331,330,105,1,240,2,2,"2 2",1000,0,100,80,20,0.2,0,0.8,1,0,"A and B"
"192","dn9wupui",6,1,"B",116.358569,332,328,112,1,240,2,2,"2 2",1000,0,100,80,20,0.2,0,0.8,1,0,"A and B"
"193","dn9wupui",6,1,"B",171.223718,342,335,115,1,240,2,2,"2 2",1000,0,100,80,20,0.2,0,0.8,1,0,"A and B"
"194","dn9wupui",7,1,"A",14.115665,354,350,100,1,240,2,2,"2 2",1000,0,100,80,20,0.2,0,0.8,1,0,"A and B"
"195","dn9wupui",7,1,"A",14.928173,355,351,105,1,240,2,2,"2 2",1000,0,100,80,20,0.2,0,0.8,1,0,"A and B"
"196","dn9wupui",7,1,"A",24.809528,363,360,110,1,240,2,2,"2 2",1000,0,100,80,20,0.2,0,0.8,1,0,"A and B"
"197","dn9wupui",7,1,"A",31.613049,368,361,103,1,240,2,2,"2 2",1000,0,100,80,20,0.2,0,0.8,1,0,"A and B"
"198","dn9wupui",7,1,"A",116.656907,384,375,109,1,240,2,2,"2 2",1000,0,100,80,20,0.2,0,0.8,1,0,"A and B"
"199","dn9wupui",7,1,"A",217.246937,397,395,109,1,240,2,2,"2 2",1000,0,100,80,20,0.2,0,0.8,1,0,"A and B"
"200","dn9wupui",7,1,"A",239.175925,398,369,110,1,240,2,2,"2 2",1000,0,100,80,20,0.2,0,0.8,1,0,"A and B"
"201","dn9wupui",7,1,"B",29.062404,365,359,110,1,240,2,2,"2 2",1000,0,100,80,20,0.2,0,0.8,1,0,"A and B"
"202","dn9wupui",7,1,"B",38.930298,372,370,105,1,240,2,2,"2 2",1000,0,100,80,20,0.2,0,0.8,1,0,"A and B"
"203","dn9wupui",7,1,"B",54.066218,376,362,100,1,240,2,2,"2 2",1000,0,100,80,20,0.2,0,0.8,1,0,"A and B"
"204","dn9wupui",7,1,"B",105.149201,382,381,110,1,240,2,2,"2 2",1000,0,100,80,20,0.2,0,0.8,1,0,"A and B"
"205","dn9wupui",7,1,"B",105.243962,383,380,105,1,240,2,2,"2 2",1000,0,100,80,20,0.2,0,0.8,1,0,"A and B"
"206","dn9wupui",7,1,"B",127.262274,386,356,111,1,240,2,2,"2 2",1000,0,100,80,20,0.2,0,0.8,1,0,"A and B"
"207","dn9wupui",7,1,"B",156.314831,391,389,110,1,240,2,2,"2 2",1000,0,100,80,20,0.2,0,0.8,1,0,"A and B"
"208","dn9wupui",8,1,"A",15.148775,409,402,105,1,240,2,2,"2 2",1000,0,100,80,20,0.2,0,0.8,1,0,"A and B"
"209","dn9wupui",8,1,"A",23.769078,415,413,110,1,240,2,2,"2 2",1000,0,100,80,20,0.2,0,0.8,1,0,"A and B"
"210","dn9wupui",8,1,"A",25.501395,418,411,111,1,240,2,2,"2 2",1000,0,100,80,20,0.2,0,0.8,1,0,"A and B"
"211","dn9wupui",8,1,"A",41.795331,424,420,120,1,240,2,2,"2 2",1000,0,100,80,20,0.2,0,0.8,1,0,"A and B"
"212","dn9wupui",8,1,"A",70.09465,435,434,105,1,240,2,2,"2 2",1000,0,100,80,20,0.2,0,0.8,1,0,"A and B"
"213","dn9wupui",8,1,"A",187.966832,450,449,116,1,240,2,2,"2 2",1000,0,100,80,20,0.2,0,0.8,1,0,"A and B"
"214","dn9wupui",8,1,"A",214.561848,451,428,119,1,240,2,2,"2 2",1000,0,100,80,20,0.2,0,0.8,1,0,"A and B"
"215","dn9wupui",8,1,"A",220.941447,452,448,110,1,240,2,2,"2 2",1000,0,100,80,20,0.2,0,0.8,1,0,"A and B"
"216","dn9wupui",8,1,"B",14.499162,407,405,110,1,240,2,2,"2 2",1000,0,100,80,20,0.2,0,0.8,1,0,"A and B"
"217","dn9wupui",8,1,"B",16.628334,410,406,114,1,240,2,2,"2 2",1000,0,100,80,20,0.2,0,0.8,1,0,"A and B"
"218","dn9wupui",8,1,"B",27.135537,419,416,112,1,240,2,2,"2 2",1000,0,100,80,20,0.2,0,0.8,1,0,"A and B"
"219","dn9wupui",8,1,"B",45.798969,426,417,112,1,240,2,2,"2 2",1000,0,100,80,20,0.2,0,0.8,1,0,"A and B"
"220","dn9wupui",8,1,"B",112.767707,441,439,111,1,240,2,2,"2 2",1000,0,100,80,20,0.2,0,0.8,1,0,"A and B"
"221","dn9wupui",8,1,"B",124.854048,442,432,112,1,240,2,2,"2 2",1000,0,100,80,20,0.2,0,0.8,1,0,"A and B"
"222","dohz8amv",1,1,"A",55.636308,511,506,100,1,240,2,2,"2 2",1000,1,100,80,20,0.2,0,0.8,0,0,"A and B"
"223","dohz8amv",1,1,"A",101.656022,523,520,85,1,240,2,2,"2 2",1000,1,100,80,20,0.2,0,0.8,0,0,"A and B"
"224","dohz8amv",1,1,"A",111.440287,525,521,65,1,240,2,2,"2 2",1000,1,100,80,20,0.2,0,0.8,0,0,"A and B"
"225","dohz8amv",1,1,"A",127.41218,530,524,66,1,240,2,2,"2 2",1000,1,100,80,20,0.2,0,0.8,0,0,"A and B"
"226","dohz8amv",1,1,"A",140.631445,534,532,85,1,240,2,2,"2 2",1000,1,100,80,20,0.2,0,0.8,0,0,"A and B"
"227","dohz8amv",1,1,"A",183.055209,542,541,75,1,240,2,2,"2 2",1000,1,100,80,20,0.2,0,0.8,0,0,"A and B"
"228","dohz8amv",1,1,"A",203.863762,545,510,100,1,240,2,2,"2 2",1000,1,100,80,20,0.2,0,0.8,0,0,"A and B"
"229","dohz8amv",1,1,"A",225.758366,549,543,75,1,240,2,2,"2 2",1000,1,100,80,20,0.2,0,0.8,0,0,"A and B"
"230","dohz8amv",1,1,"B",120.020589,529,527,80,1,240,2,2,"2 2",1000,1,100,80,20,0.2,0,0.8,0,0,"A and B"
"231","dohz8amv",1,1,"B",136.44717,533,516,125,1,240,2,2,"2 2",1000,1,100,80,20,0.2,0,0.8,0,0,"A and B"
"232","dohz8amv",1,1,"B",175.228766,540,538,100,1,240,2,2,"2 2",1000,1,100,80,20,0.2,0,0.8,0,0,"A and B"
"233","dohz8amv",1,1,"B",189.655874,544,536,90,1,240,2,2,"2 2",1000,1,100,80,20,0.2,0,0.8,0,0,"A and B"
"234","dohz8amv",1,1,"B",221.180852,548,547,100,1,240,2,2,"2 2",1000,1,100,80,20,0.2,0,0.8,0,0,"A and B"
"235","dohz8amv",1,1,"B",226.27619,550,537,90,1,240,2,2,"2 2",1000,1,100,80,20,0.2,0,0.8,0,0,"A and B"
"236","dohz8amv",1,1,"B",228.582345,551,531,80,1,240,2,2,"2 2",1000,1,100,80,20,0.2,0,0.8,0,0,"A and B"
"237","dohz8amv",2,1,"A",46.000427,563,560,75,1,240,2,2,"2 2",1000,0,100,80,20,0.2,0,0.8,0,0,"A and B"
"238","dohz8amv",2,1,"A",48.689053,564,562,100,1,240,2,2,"2 2",1000,0,100,80,20,0.2,0,0.8,0,0,"A and B"
"239","dohz8amv",2,1,"A",58.157243,569,566,70,1,240,2,2,"2 2",1000,0,100,80,20,0.2,0,0.8,0,0,"A and B"
"240","dohz8amv",2,1,"A",67.954152,574,571,75,1,240,2,2,"2 2",1000,0,100,80,20,0.2,0,0.8,0,0,"A and B"
"241","dohz8amv",2,1,"A",75.083473,576,573,90,1,240,2,2,"2 2",1000,0,100,80,20,0.2,0,0.8,0,0,"A and B"
"242","dohz8amv",2,1,"A",80.043603,580,577,70,1,240,2,2,"2 2",1000,0,100,80,20,0.2,0,0.8,0,0,"A and B"
"243","dohz8amv",2,1,"A",87.113575,583,582,70,1,240,2,2,"2 2",1000,0,100,80,20,0.2,0,0.8,0,0,"A and B"
"244","dohz8amv",2,1,"A",105.741536,591,555,65,1,240,2,2,"2 2",1000,0,100,80,20,0.2,0,0.8,0,0,"A and B"
"245","dohz8amv",2,1,"A",137.709698,601,592,85,1,240,2,2,"2 2",1000,0,100,80,20,0.2,0,0.8,0,0,"A and B"
"246","dohz8amv",2,1,"A",186.104675,616,614,75,1,240,2,2,"2 2",1000,0,100,80,20,0.2,0,0.8,0,0,"A and B"
"247","dohz8amv",2,1,"A",191.667343,617,567,60,1,240,2,2,"2 2",1000,0,100,80,20,0.2,0,0.8,0,0,"A and B"
"248","dohz8amv",2,1,"A",195.49342,619,613,80,1,240,2,2,"2 2",1000,0,100,80,20,0.2,0,0.8,0,0,"A and B"
"249","dohz8amv",2,1,"A",210.610759,622,608,85,1,240,2,2,"2 2",1000,0,100,80,20,0.2,0,0.8,0,0,"A and B"
"250","dohz8amv",2,1,"A",210.755412,623,618,75,1,240,2,2,"2 2",1000,0,100,80,20,0.2,0,0.8,0,0,"A and B"
"251","dohz8amv",2,1,"A",236.27695,631,610,85,1,240,2,2,"2 2",1000,0,100,80,20,0.2,0,0.8,0,0,"A and B"
"252","dohz8amv",2,1,"B",82.917346,581,579,65,1,240,2,2,"2 2",1000,0,100,80,20,0.2,0,0.8,0,0,"A and B"
"253","dohz8amv",2,1,"B",88.229952,584,578,100,1,240,2,2,"2 2",1000,0,100,80,20,0.2,0,0.8,0,0,"A and B"
"254","dohz8amv",2,1,"B",96.80547,588,585,75,1,240,2,2,"2 2",1000,0,100,80,20,0.2,0,0.8,0,0,"A and B"
"255","dohz8amv",2,1,"B",117.089463,594,593,92,1,240,2,2,"2 2",1000,0,100,80,20,0.2,0,0.8,0,0,"A and B"
"256","dohz8amv",2,1,"B",124.635136,596,587,105,1,240,2,2,"2 2",1000,0,100,80,20,0.2,0,0.8,0,0,"A and B"
"257","dohz8amv",2,1,"B",135.924325,600,598,70,1,240,2,2,"2 2",1000,0,100,80,20,0.2,0,0.8,0,0,"A and B"
"258","dohz8amv",2,1,"B",151.98025,605,604,80,1,240,2,2,"2 2",1000,0,100,80,20,0.2,0,0.8,0,0,"A and B"
"259","dohz8amv",2,1,"B",162.217469,609,607,95,1,240,2,2,"2 2",1000,0,100,80,20,0.2,0,0.8,0,0,"A and B"
"260","dohz8amv",2,1,"B",202.464439,620,611,100,1,240,2,2,"2 2",1000,0,100,80,20,0.2,0,0.8,0,0,"A and B"
"261","dohz8amv",2,1,"B",228.126554,628,624,90,1,240,2,2,"2 2",1000,0,100,80,20,0.2,0,0.8,0,0,"A and B"
"262","dohz8amv",3,1,"A",28.417003,645,638,75,1,240,2,2,"2 2",1000,0,100,80,20,0.2,0,0.8,0,0,"A and B"
"263","dohz8amv",3,1,"A",37.043433,649,646,70,1,240,2,2,"2 2",1000,0,100,80,20,0.2,0,0.8,0,0,"A and B"
"264","dohz8amv",3,1,"A",60.644067,659,656,85,1,240,2,2,"2 2",1000,0,100,80,20,0.2,0,0.8,0,0,"A and B"
"265","dohz8amv",3,1,"A",83.983639,668,663,75,1,240,2,2,"2 2",1000,0,100,80,20,0.2,0,0.8,0,0,"A and B"
"266","dohz8amv",3,1,"A",104.229803,674,651,70,1,240,2,2,"2 2",1000,0,100,80,20,0.2,0,0.8,0,0,"A and B"
"267","dohz8amv",3,1,"A",113.527477,678,676,80,1,240,2,2,"2 2",1000,0,100,80,20,0.2,0,0.8,0,0,"A and B"
"268","dohz8amv",3,1,"A",116.132471,680,669,85,1,240,2,2,"2 2",1000,0,100,80,20,0.2,0,0.8,0,0,"A and B"
"269","dohz8amv",3,1,"A",136.312499,687,684,85,1,240,2,2,"2 2",1000,0,100,80,20,0.2,0,0.8,0,0,"A and B"
"270","dohz8amv",3,1,"A",141.743301,688,686,70,1,240,2,2,"2 2",1000,0,100,80,20,0.2,0,0.8,0,0,"A and B"
"271","dohz8amv",3,1,"A",145.045559,693,689,90,1,240,2,2,"2 2",1000,0,100,80,20,0.2,0,0.8,0,0,"A and B"
"272","dohz8amv",3,1,"A",146.839487,694,692,85,1,240,2,2,"2 2",1000,0,100,80,20,0.2,0,0.8,0,0,"A and B"
"273","dohz8amv",3,1,"A",163.436263,697,691,70,1,240,2,2,"2 2",1000,0,100,80,20,0.2,0,0.8,0,0,"A and B"
"274","dohz8amv",3,1,"A",177.90938,701,699,70,1,240,2,2,"2 2",1000,0,100,80,20,0.2,0,0.8,0,0,"A and B"
"275","dohz8amv",3,1,"A",204.793559,709,704,80,1,240,2,2,"2 2",1000,0,100,80,20,0.2,0,0.8,0,0,"A and B"
"276","dohz8amv",3,1,"A",238.868677,717,702,85,1,240,2,2,"2 2",1000,0,100,80,20,0.2,0,0.8,0,0,"A and B"
"277","dohz8amv",3,1,"B",36.036167,648,642,80,1,240,2,2,"2 2",1000,0,100,80,20,0.2,0,0.8,0,0,"A and B"
"278","dohz8amv",3,1,"B",46.258823,654,653,80,1,240,2,2,"2 2",1000,0,100,80,20,0.2,0,0.8,0,0,"A and B"
"279","dohz8amv",3,1,"B",63.083201,660,655,80,1,240,2,2,"2 2",1000,0,100,80,20,0.2,0,0.8,0,0,"A and B"
"280","dohz8amv",3,1,"B",79.780972,666,662,90,1,240,2,2,"2 2",1000,0,100,80,20,0.2,0,0.8,0,0,"A and B"
"281","dohz8amv",3,1,"B",97.072009,670,665,90,1,240,2,2,"2 2",1000,0,100,80,20,0.2,0,0.8,0,0,"A and B"
"282","dohz8amv",3,1,"B",101.50072,672,667,80,1,240,2,2,"2 2",1000,0,100,80,20,0.2,0,0.8,0,0,"A and B"
"283","dohz8amv",3,1,"B",115.980651,679,675,90,1,240,2,2,"2 2",1000,0,100,80,20,0.2,0,0.8,0,0,"A and B"
"284","dohz8amv",3,1,"B",170.059661,700,685,90,1,240,2,2,"2 2",1000,0,100,80,20,0.2,0,0.8,0,0,"A and B"
"285","dohz8amv",3,1,"B",200.167984,705,681,95,1,240,2,2,"2 2",1000,0,100,80,20,0.2,0,0.8,0,0,"A and B"
"286","dohz8amv",3,1,"B",211.662329,712,682,95,1,240,2,2,"2 2",1000,0,100,80,20,0.2,0,0.8,0,0,"A and B"
"287","dohz8amv",3,1,"B",218.626183,714,698,90,1,240,2,2,"2 2",1000,0,100,80,20,0.2,0,0.8,0,0,"A and B"
"288","dohz8amv",3,1,"B",238.642005,716,715,90,1,240,2,2,"2 2",1000,0,100,80,20,0.2,0,0.8,0,0,"A and B"
"289","dohz8amv",4,1,"A",13.972579,724,722,70,1,240,2,2,"2 2",1000,0,100,80,20,0.2,0,0.8,0,0,"A and B"
"290","dohz8amv",4,1,"A",24.161123,732,729,80,1,240,2,2,"2 2",1000,0,100,80,20,0.2,0,0.8,0,0,"A and B"
"291","dohz8amv",4,1,"A",38.976567,738,734,100,1,240,2,2,"2 2",1000,0,100,80,20,0.2,0,0.8,0,0,"A and B"
"292","dohz8amv",4,1,"A",88.239742,762,745,100,1,240,2,2,"2 2",1000,0,100,80,20,0.2,0,0.8,0,0,"A and B"
"293","dohz8amv",4,1,"A",100.744449,769,767,85,1,240,2,2,"2 2",1000,0,100,80,20,0.2,0,0.8,0,0,"A and B"
"294","dohz8amv",4,1,"A",112.982755,774,772,90,1,240,2,2,"2 2",1000,0,100,80,20,0.2,0,0.8,0,0,"A and B"
"295","dohz8amv",4,1,"A",121.906438,776,775,90,1,240,2,2,"2 2",1000,0,100,80,20,0.2,0,0.8,0,0,"A and B"
"296","dohz8amv",4,1,"A",136.491566,779,777,87,1,240,2,2,"2 2",1000,0,100,80,20,0.2,0,0.8,0,0,"A and B"
"297","dohz8amv",4,1,"A",160.345519,786,785,95,1,240,2,2,"2 2",1000,0,100,80,20,0.2,0,0.8,0,0,"A and B"
"298","dohz8amv",4,1,"A",194.519212,792,768,100,1,240,2,2,"2 2",1000,0,100,80,20,0.2,0,0.8,0,0,"A and B"
"299","dohz8amv",4,1,"A",198.483891,794,790,95,1,240,2,2,"2 2",1000,0,100,80,20,0.2,0,0.8,0,0,"A and B"
"300","dohz8amv",4,1,"A",206.21881,795,793,100,1,240,2,2,"2 2",1000,0,100,80,20,0.2,0,0.8,0,0,"A and B"
"301","dohz8amv",4,1,"A",212.649387,798,719,105,1,240,2,2,"2 2",1000,0,100,80,20,0.2,0,0.8,0,0,"A and B"
"302","dohz8amv",4,1,"A",212.793601,799,725,120,1,240,2,2,"2 2",1000,0,100,80,20,0.2,0,0.8,0,0,"A and B"
"303","dohz8amv",4,1,"B",19.275737,727,726,90,1,240,2,2,"2 2",1000,0,100,80,20,0.2,0,0.8,0,0,"A and B"
"304","dohz8amv",4,1,"B",32.167666,735,733,80,1,240,2,2,"2 2",1000,0,100,80,20,0.2,0,0.8,0,0,"A and B"
"305","dohz8amv",4,1,"B",39.136236,739,736,90,1,240,2,2,"2 2",1000,0,100,80,20,0.2,0,0.8,0,0,"A and B"
"306","dohz8amv",4,1,"B",46.337905,744,742,80,1,240,2,2,"2 2",1000,0,100,80,20,0.2,0,0.8,0,0,"A and B"
"307","dohz8amv",4,1,"B",50.078507,746,743,95,1,240,2,2,"2 2",1000,0,100,80,20,0.2,0,0.8,0,0,"A and B"
"308","dohz8amv",4,1,"B",58.584082,749,748,80,1,240,2,2,"2 2",1000,0,100,80,20,0.2,0,0.8,0,0,"A and B"
"309","dohz8amv",4,1,"B",68.264653,753,751,90,1,240,2,2,"2 2",1000,0,100,80,20,0.2,0,0.8,0,0,"A and B"
"310","dohz8amv",4,1,"B",86.953677,761,755,85,1,240,2,2,"2 2",1000,0,100,80,20,0.2,0,0.8,0,0,"A and B"
"311","dohz8amv",4,1,"B",94.22944,766,765,90,1,240,2,2,"2 2",1000,0,100,80,20,0.2,0,0.8,0,0,"A and B"
"312","dohz8amv",4,1,"B",147.500105,783,741,100,1,240,2,2,"2 2",1000,0,100,80,20,0.2,0,0.8,0,0,"A and B"
"313","dohz8amv",4,1,"B",209.328535,796,791,100,1,240,2,2,"2 2",1000,0,100,80,20,0.2,0,0.8,0,0,"A and B"
"314","dohz8amv",5,1,"A",17.560997,811,809,80,1,240,2,2,"2 2",1000,0,100,80,20,0.2,0,0.8,0,0,"A and B"
"315","dohz8amv",5,1,"A",22.001691,814,812,82,1,240,2,2,"2 2",1000,0,100,80,20,0.2,0,0.8,0,0,"A and B"
"316","dohz8amv",5,1,"A",26.10637,817,815,90,1,240,2,2,"2 2",1000,0,100,80,20,0.2,0,0.8,0,0,"A and B"
"317","dohz8amv",5,1,"A",34.437497,820,819,82,1,240,2,2,"2 2",1000,0,100,80,20,0.2,0,0.8,0,0,"A and B"
"318","dohz8amv",5,1,"A",43.302576,825,824,95,1,240,2,2,"2 2",1000,0,100,80,20,0.2,0,0.8,0,0,"A and B"
"319","dohz8amv",5,1,"A",46.369696,827,826,80,1,240,2,2,"2 2",1000,0,100,80,20,0.2,0,0.8,0,0,"A and B"
"320","dohz8amv",5,1,"A",72.907467,840,837,95,1,240,2,2,"2 2",1000,0,100,80,20,0.2,0,0.8,0,0,"A and B"
"321","dohz8amv",5,1,"A",82.011211,845,804,75,1,240,2,2,"2 2",1000,0,100,80,20,0.2,0,0.8,0,0,"A and B"
"322","dohz8amv",5,1,"A",84.903903,846,844,85,1,240,2,2,"2 2",1000,0,100,80,20,0.2,0,0.8,0,0,"A and B"
"323","dohz8amv",5,1,"A",89.221218,849,831,100,1,240,2,2,"2 2",1000,0,100,80,20,0.2,0,0.8,0,0,"A and B"
"324","dohz8amv",5,1,"A",123.395369,863,853,80,1,240,2,2,"2 2",1000,0,100,80,20,0.2,0,0.8,0,0,"A and B"
"325","dohz8amv",5,1,"A",134.224441,868,852,100,1,240,2,2,"2 2",1000,0,100,80,20,0.2,0,0.8,0,0,"A and B"
"326","dohz8amv",5,1,"A",142.48545,870,869,100,1,240,2,2,"2 2",1000,0,100,80,20,0.2,0,0.8,0,0,"A and B"
"327","dohz8amv",5,1,"A",147.031097,874,871,95,1,240,2,2,"2 2",1000,0,100,80,20,0.2,0,0.8,0,0,"A and B"
"328","dohz8amv",5,1,"A",157.416879,880,867,90,1,240,2,2,"2 2",1000,0,100,80,20,0.2,0,0.8,0,0,"A and B"
"329","dohz8amv",5,1,"A",195.685373,891,885,100,1,240,2,2,"2 2",1000,0,100,80,20,0.2,0,0.8,0,0,"A and B"
"330","dohz8amv",5,1,"A",215.473494,896,883,82,1,240,2,2,"2 2",1000,0,100,80,20,0.2,0,0.8,0,0,"A and B"
"331","dohz8amv",5,1,"B",25.405051,816,813,90,1,240,2,2,"2 2",1000,0,100,80,20,0.2,0,0.8,0,0,"A and B"
"332","dohz8amv",5,1,"B",53.367253,829,810,100,1,240,2,2,"2 2",1000,0,100,80,20,0.2,0,0.8,0,0,"A and B"
"333","dohz8amv",5,1,"B",54.363147,830,828,95,1,240,2,2,"2 2",1000,0,100,80,20,0.2,0,0.8,0,0,"A and B"
"334","dohz8amv",5,1,"B",60.618865,833,832,80,1,240,2,2,"2 2",1000,0,100,80,20,0.2,0,0.8,0,0,"A and B"
"335","dohz8amv",5,1,"B",68.427717,836,834,90,1,240,2,2,"2 2",1000,0,100,80,20,0.2,0,0.8,0,0,"A and B"
"336","dohz8amv",5,1,"B",75.854074,841,839,95,1,240,2,2,"2 2",1000,0,100,80,20,0.2,0,0.8,0,0,"A and B"
"337","dohz8amv",5,1,"B",78.602408,842,838,90,1,240,2,2,"2 2",1000,0,100,80,20,0.2,0,0.8,0,0,"A and B"
"338","dohz8amv",5,1,"B",87.617109,848,843,90,1,240,2,2,"2 2",1000,0,100,80,20,0.2,0,0.8,0,0,"A and B"
"339","dohz8amv",5,1,"B",116.712518,859,854,100,1,240,2,2,"2 2",1000,0,100,80,20,0.2,0,0.8,0,0,"A and B"
"340","dohz8amv",5,1,"B",119.15299,860,857,90,1,240,2,2,"2 2",1000,0,100,80,20,0.2,0,0.8,0,0,"A and B"
"341","dohz8amv",5,1,"B",126.644739,864,847,110,1,240,2,2,"2 2",1000,0,100,80,20,0.2,0,0.8,0,0,"A and B"
"342","dohz8amv",5,1,"B",147.103193,875,850,110,1,240,2,2,"2 2",1000,0,100,80,20,0.2,0,0.8,0,0,"A and B"
"343","dohz8amv",5,1,"B",150.047912,876,865,110,1,240,2,2,"2 2",1000,0,100,80,20,0.2,0,0.8,0,0,"A and B"
"344","dohz8amv",5,1,"B",154.203233,878,862,90,1,240,2,2,"2 2",1000,0,100,80,20,0.2,0,0.8,0,0,"A and B"
"345","dohz8amv",5,1,"B",158.407726,881,866,110,1,240,2,2,"2 2",1000,0,100,80,20,0.2,0,0.8,0,0,"A and B"
"346","dohz8amv",5,1,"B",211.404284,894,884,115,1,240,2,2,"2 2",1000,0,100,80,20,0.2,0,0.8,0,0,"A and B"
"347","dohz8amv",6,1,"A",10.618889,905,902,95,1,240,2,2,"2 2",1000,0,100,80,20,0.2,0,0.8,0,0,"A and B"
"348","dohz8amv",6,1,"A",30.55688,918,917,92,1,240,2,2,"2 2",1000,0,100,80,20,0.2,0,0.8,0,0,"A and B"
"349","dohz8amv",6,1,"A",57.793981,935,933,89,1,240,2,2,"2 2",1000,0,100,80,20,0.2,0,0.8,0,0,"A and B"
"350","dohz8amv",6,1,"A",63.98536,938,937,90,1,240,2,2,"2 2",1000,0,100,80,20,0.2,0,0.8,0,0,"A and B"
"351","dohz8amv",6,1,"A",71.075833,941,940,90,1,240,2,2,"2 2",1000,0,100,80,20,0.2,0,0.8,0,0,"A and B"
"352","dohz8amv",6,1,"A",89.490699,950,947,85,1,240,2,2,"2 2",1000,0,100,80,20,0.2,0,0.8,0,0,"A and B"
"353","dohz8amv",6,1,"A",96.973172,952,951,95,1,240,2,2,"2 2",1000,0,100,80,20,0.2,0,0.8,0,0,"A and B"
"354","dohz8amv",6,1,"A",102.709618,956,921,100,1,240,2,2,"2 2",1000,0,100,80,20,0.2,0,0.8,0,0,"A and B"
"355","dohz8amv",6,1,"A",115.505562,961,959,100,1,240,2,2,"2 2",1000,0,100,80,20,0.2,0,0.8,0,0,"A and B"
"356","dohz8amv",6,1,"A",120.143985,963,962,90,1,240,2,2,"2 2",1000,0,100,80,20,0.2,0,0.8,0,0,"A and B"
"357","dohz8amv",6,1,"A",132.225283,966,964,100,1,240,2,2,"2 2",1000,0,100,80,20,0.2,0,0.8,0,0,"A and B"
"358","dohz8amv",6,1,"A",145.003766,974,967,100,1,240,2,2,"2 2",1000,0,100,80,20,0.2,0,0.8,0,0,"A and B"
"359","dohz8amv",6,1,"A",153.8904,979,955,85,1,240,2,2,"2 2",1000,0,100,80,20,0.2,0,0.8,0,0,"A and B"
"360","dohz8amv",6,1,"A",164.163122,984,980,100,1,240,2,2,"2 2",1000,0,100,80,20,0.2,0,0.8,0,0,"A and B"
"361","dohz8amv",6,1,"A",168.186233,986,930,80,1,240,2,2,"2 2",1000,0,100,80,20,0.2,0,0.8,0,0,"A and B"
"362","dohz8amv",6,1,"A",204.379114,989,988,95,1,240,2,2,"2 2",1000,0,100,80,20,0.2,0,0.8,0,0,"A and B"
"363","dohz8amv",6,1,"A",210.523466,990,981,100,1,240,2,2,"2 2",1000,0,100,80,20,0.2,0,0.8,0,0,"A and B"
"364","dohz8amv",6,1,"A",210.904139,991,944,80,1,240,2,2,"2 2",1000,0,100,80,20,0.2,0,0.8,0,0,"A and B"
"365","dohz8amv",6,1,"A",214.564832,992,987,100,1,240,2,2,"2 2",1000,0,100,80,20,0.2,0,0.8,0,0,"A and B"
"366","dohz8amv",6,1,"B",13.437577,907,904,100,1,240,2,2,"2 2",1000,0,100,80,20,0.2,0,0.8,0,0,"A and B"
"367","dohz8amv",6,1,"B",17.965289,909,908,90,1,240,2,2,"2 2",1000,0,100,80,20,0.2,0,0.8,0,0,"A and B"
"368","dohz8amv",6,1,"B",23.416253,912,910,96,1,240,2,2,"2 2",1000,0,100,80,20,0.2,0,0.8,0,0,"A and B"
"369","dohz8amv",6,1,"B",27.211396,916,914,100,1,240,2,2,"2 2",1000,0,100,80,20,0.2,0,0.8,0,0,"A and B"
"370","dohz8amv",6,1,"B",36.082134,922,920,95,1,240,2,2,"2 2",1000,0,100,80,20,0.2,0,0.8,0,0,"A and B"
"371","dohz8amv",6,1,"B",38.772076,923,919,100,1,240,2,2,"2 2",1000,0,100,80,20,0.2,0,0.8,0,0,"A and B"
"372","dohz8amv",6,1,"B",43.598751,926,924,105,1,240,2,2,"2 2",1000,0,100,80,20,0.2,0,0.8,0,0,"A and B"
"373","dohz8amv",6,1,"B",53.567071,931,928,100,1,240,2,2,"2 2",1000,0,100,80,20,0.2,0,0.8,0,0,"A and B"
"374","dohz8amv",6,1,"B",54.145914,932,911,90,1,240,2,2,"2 2",1000,0,100,80,20,0.2,0,0.8,0,0,"A and B"
"375","dohz8amv",6,1,"B",79.407427,945,943,100,1,240,2,2,"2 2",1000,0,100,80,20,0.2,0,0.8,0,0,"A and B"
"376","dohz8amv",6,1,"B",82.603482,946,936,95,1,240,2,2,"2 2",1000,0,100,80,20,0.2,0,0.8,0,0,"A and B"
"377","dohz8amv",6,1,"B",88.03798,949,948,98,1,240,2,2,"2 2",1000,0,100,80,20,0.2,0,0.8,0,0,"A and B"
"378","dohz8amv",6,1,"B",126.574991,965,913,110,1,240,2,2,"2 2",1000,0,100,80,20,0.2,0,0.8,0,0,"A and B"
"379","dohz8amv",6,1,"B",139.613725,970,969,105,1,240,2,2,"2 2",1000,0,100,80,20,0.2,0,0.8,0,0,"A and B"
"380","dohz8amv",6,1,"B",215.291408,993,978,115,1,240,2,2,"2 2",1000,0,100,80,20,0.2,0,0.8,0,0,"A and B"
"381","dohz8amv",7,1,"A",11.009493,1007,1003,100,1,240,2,2,"2 2",1000,0,100,80,20,0.2,0,0.8,0,0,"A and B"
"382","dohz8amv",7,1,"A",11.798307,1008,1005,90,1,240,2,2,"2 2",1000,0,100,80,20,0.2,0,0.8,0,0,"A and B"
"383","dohz8amv",7,1,"A",15.024135,1010,1006,95,1,240,2,2,"2 2",1000,0,100,80,20,0.2,0,0.8,0,0,"A and B"
"384","dohz8amv",7,1,"A",23.234653,1018,1014,100,1,240,2,2,"2 2",1000,0,100,80,20,0.2,0,0.8,0,0,"A and B"
"385","dohz8amv",7,1,"A",25.436675,1021,1019,95,1,240,2,2,"2 2",1000,0,100,80,20,0.2,0,0.8,0,0,"A and B"
"386","dohz8amv",7,1,"A",38.300183,1032,1027,90,1,240,2,2,"2 2",1000,0,100,80,20,0.2,0,0.8,0,0,"A and B"
"387","dohz8amv",7,1,"A",64.197896,1043,1038,90,1,240,2,2,"2 2",1000,0,100,80,20,0.2,0,0.8,0,0,"A and B"
"388","dohz8amv",7,1,"A",73.026509,1046,1034,100,1,240,2,2,"2 2",1000,0,100,80,20,0.2,0,0.8,0,0,"A and B"
"389","dohz8amv",7,1,"A",77.183306,1048,1037,85,1,240,2,2,"2 2",1000,0,100,80,20,0.2,0,0.8,0,0,"A and B"
"390","dohz8amv",7,1,"A",92.277734,1057,1047,99,1,240,2,2,"2 2",1000,0,100,80,20,0.2,0,0.8,0,0,"A and B"
"391","dohz8amv",7,1,"A",107.304617,1060,1052,85,1,240,2,2,"2 2",1000,0,100,80,20,0.2,0,0.8,0,0,"A and B"
"392","dohz8amv",7,1,"A",124.467638,1068,1054,100,1,240,2,2,"2 2",1000,0,100,80,20,0.2,0,0.8,0,0,"A and B"
"393","dohz8amv",7,1,"A",162.697864,1082,1072,90,1,240,2,2,"2 2",1000,0,100,80,20,0.2,0,0.8,0,0,"A and B"
"394","dohz8amv",7,1,"A",172.348081,1084,1070,95,1,240,2,2,"2 2",1000,0,100,80,20,0.2,0,0.8,0,0,"A and B"
"395","dohz8amv",7,1,"B",23.851458,1020,1013,90,1,240,2,2,"2 2",1000,0,100,80,20,0.2,0,0.8,0,0,"A and B"
"396","dohz8amv",7,1,"B",32.129361,1025,1024,85,1,240,2,2,"2 2",1000,0,100,80,20,0.2,0,0.8,0,0,"A and B"
"397","dohz8amv",7,1,"B",34.414249,1030,1026,90,1,240,2,2,"2 2",1000,0,100,80,20,0.2,0,0.8,0,0,"A and B"
"398","dohz8amv",7,1,"B",38.147383,1031,1011,110,1,240,2,2,"2 2",1000,0,100,80,20,0.2,0,0.8,0,0,"A and B"
"399","dohz8amv",7,1,"B",69.403801,1045,1040,100,1,240,2,2,"2 2",1000,0,100,80,20,0.2,0,0.8,0,0,"A and B"
"400","dohz8amv",7,1,"B",85.08147,1053,1050,105,1,240,2,2,"2 2",1000,0,100,80,20,0.2,0,0.8,0,0,"A and B"
"401","dohz8amv",7,1,"B",101.041017,1059,1058,105,1,240,2,2,"2 2",1000,0,100,80,20,0.2,0,0.8,0,0,"A and B"
"402","dohz8amv",7,1,"B",127.792203,1071,1041,110,1,240,2,2,"2 2",1000,0,100,80,20,0.2,0,0.8,0,0,"A and B"
"403","dohz8amv",7,1,"B",148.116089,1077,1023,115,1,240,2,2,"2 2",1000,0,100,80,20,0.2,0,0.8,0,0,"A and B"
"404","dohz8amv",7,1,"B",162.115598,1081,1080,105,1,240,2,2,"2 2",1000,0,100,80,20,0.2,0,0.8,0,0,"A and B"
"405","dohz8amv",7,1,"B",164.933972,1083,1079,115,1,240,2,2,"2 2",1000,0,100,80,20,0.2,0,0.8,0,0,"A and B"
"406","dohz8amv",8,1,"A",13.364879,1110,1109,80,1,240,2,2,"2 2",1000,0,100,80,20,0.2,0,0.8,0,0,"A and B"
"407","dohz8amv",8,1,"A",14.319441,1111,1106,90,1,240,2,2,"2 2",1000,0,100,80,20,0.2,0,0.8,0,0,"A and B"
"408","dohz8amv",8,1,"A",30.218562,1124,1123,95,1,240,2,2,"2 2",1000,0,100,80,20,0.2,0,0.8,0,0,"A and B"
"409","dohz8amv",8,1,"A",31.489749,1125,1121,80,1,240,2,2,"2 2",1000,0,100,80,20,0.2,0,0.8,0,0,"A and B"
"410","dohz8amv",8,1,"A",36.636637,1133,1128,95,1,240,2,2,"2 2",1000,0,100,80,20,0.2,0,0.8,0,0,"A and B"
"411","dohz8amv",8,1,"A",59.213701,1143,1099,100,1,240,2,2,"2 2",1000,0,100,80,20,0.2,0,0.8,0,0,"A and B"
"412","dohz8amv",8,1,"A",61.061901,1144,1129,80,1,240,2,2,"2 2",1000,0,100,80,20,0.2,0,0.8,0,0,"A and B"
"413","dohz8amv",8,1,"A",67.777947,1149,1107,100,1,240,2,2,"2 2",1000,0,100,80,20,0.2,0,0.8,0,0,"A and B"
"414","dohz8amv",8,1,"A",90.204588,1161,1157,100,1,240,2,2,"2 2",1000,0,100,80,20,0.2,0,0.8,0,0,"A and B"
"415","dohz8amv",8,1,"A",122.28718,1173,1168,100,1,240,2,2,"2 2",1000,0,100,80,20,0.2,0,0.8,0,0,"A and B"
"416","dohz8amv",8,1,"A",125.495664,1175,1158,90,1,240,2,2,"2 2",1000,0,100,80,20,0.2,0,0.8,0,0,"A and B"
"417","dohz8amv",8,1,"A",129.346337,1177,1176,100,1,240,2,2,"2 2",1000,0,100,80,20,0.2,0,0.8,0,0,"A and B"
"418","dohz8amv",8,1,"A",173.71219,1188,1185,105,1,240,2,2,"2 2",1000,0,100,80,20,0.2,0,0.8,0,0,"A and B"
"419","dohz8amv",8,1,"A",177.670694,1189,1179,90,1,240,2,2,"2 2",1000,0,100,80,20,0.2,0,0.8,0,0,"A and B"
"420","dohz8amv",8,1,"B",12.125133,1108,1103,98,1,240,2,2,"2 2",1000,0,100,80,20,0.2,0,0.8,0,0,"A and B"
"421","dohz8amv",8,1,"B",19.792999,1119,1115,90,1,240,2,2,"2 2",1000,0,100,80,20,0.2,0,0.8,0,0,"A and B"
"422","dohz8amv",8,1,"B",21.726852,1120,1118,90,1,240,2,2,"2 2",1000,0,100,80,20,0.2,0,0.8,0,0,"A and B"
"423","dohz8amv",8,1,"B",24.573365,1122,1117,85,1,240,2,2,"2 2",1000,0,100,80,20,0.2,0,0.8,0,0,"A and B"
"424","dohz8amv",8,1,"B",33.257201,1127,1113,100,1,240,2,2,"2 2",1000,0,100,80,20,0.2,0,0.8,0,0,"A and B"
"425","dohz8amv",8,1,"B",35.855754,1131,1116,100,1,240,2,2,"2 2",1000,0,100,80,20,0.2,0,0.8,0,0,"A and B"
"426","dohz8amv",8,1,"B",50.841787,1139,1137,105,1,240,2,2,"2 2",1000,0,100,80,20,0.2,0,0.8,0,0,"A and B"
"427","dohz8amv",8,1,"B",54.785946,1141,1140,95,1,240,2,2,"2 2",1000,0,100,80,20,0.2,0,0.8,0,0,"A and B"
"428","dohz8amv",8,1,"B",61.265809,1146,1142,105,1,240,2,2,"2 2",1000,0,100,80,20,0.2,0,0.8,0,0,"A and B"
"429","dohz8amv",8,1,"B",78.912986,1156,1152,105,1,240,2,2,"2 2",1000,0,100,80,20,0.2,0,0.8,0,0,"A and B"
"430","dohz8amv",8,1,"B",107.517744,1167,1165,105,1,240,2,2,"2 2",1000,0,100,80,20,0.2,0,0.8,0,0,"A and B"
"431","dohz8amv",8,1,"B",153.911562,1181,1163,101,1,240,2,2,"2 2",1000,0,100,80,20,0.2,0,0.8,0,0,"A and B"
"432","dohz8amv",8,1,"B",159.190623,1182,1138,110,1,240,2,2,"2 2",1000,0,100,80,20,0.2,0,0.8,0,0,"A and B"
"433","hpztpj4r",1,1,"A",85.463473,17,13,120,1,240,2,2,"4 0",1000,1,100,80,20,0.2,0,0.8,0,0,"only A"
"434","hpztpj4r",1,1,"A",98.379953,22,20,130,1,240,2,2,"4 0",1000,1,100,80,20,0.2,0,0.8,0,0,"only A"
"435","hpztpj4r",1,1,"A",107.181382,25,3,100,1,240,2,2,"4 0",1000,1,100,80,20,0.2,0,0.8,0,0,"only A"
"436","hpztpj4r",1,1,"A",142.328755,38,21,140,1,240,2,2,"4 0",1000,1,100,80,20,0.2,0,0.8,0,0,"only A"
"437","hpztpj4r",1,1,"A",159.973307,43,31,128,1,240,2,2,"4 0",1000,1,100,80,20,0.2,0,0.8,0,0,"only A"
"438","hpztpj4r",1,1,"A",212.653451,55,50,135,1,240,2,2,"4 0",1000,1,100,80,20,0.2,0,0.8,0,0,"only A"
"439","hpztpj4r",1,1,"A",215.681579,56,44,128,1,240,2,2,"4 0",1000,1,100,80,20,0.2,0,0.8,0,0,"only A"
"440","hpztpj4r",2,1,"B",25.999347,65,63,140,1,240,2,2,"0 4",1000,1,100,80,20,0.2,0,0.8,0,0,"only B"
"441","hpztpj4r",2,1,"B",34.229952,68,66,100,1,240,2,2,"0 4",1000,1,100,80,20,0.2,0,0.8,0,0,"only B"
"442","hpztpj4r",2,1,"B",42.078301,73,70,120,1,240,2,2,"0 4",1000,1,100,80,20,0.2,0,0.8,0,0,"only B"
"443","hpztpj4r",2,1,"B",50.080389,78,77,100,1,240,2,2,"0 4",1000,1,100,80,20,0.2,0,0.8,0,0,"only B"
"444","hpztpj4r",2,1,"B",54.124942,79,72,120,1,240,2,2,"0 4",1000,1,100,80,20,0.2,0,0.8,0,0,"only B"
"445","hpztpj4r",2,1,"B",64.518297,85,83,130,1,240,2,2,"0 4",1000,1,100,80,20,0.2,0,0.8,0,0,"only B"
"446","hpztpj4r",2,1,"B",64.922339,86,84,135,1,240,2,2,"0 4",1000,1,100,80,20,0.2,0,0.8,0,0,"only B"
"447","hpztpj4r",2,1,"B",68.189821,87,80,120,1,240,2,2,"0 4",1000,1,100,80,20,0.2,0,0.8,0,0,"only B"
"448","hpztpj4r",2,1,"B",75.139639,90,81,115,1,240,2,2,"0 4",1000,1,100,80,20,0.2,0,0.8,0,0,"only B"
"449","hpztpj4r",2,1,"B",90.082618,98,95,120,1,240,2,2,"0 4",1000,1,100,80,20,0.2,0,0.8,0,0,"only B"
"450","hpztpj4r",2,1,"B",93.212948,100,99,110,1,240,2,2,"0 4",1000,1,100,80,20,0.2,0,0.8,0,0,"only B"
"451","hpztpj4r",2,1,"B",119.839611,105,103,124,1,240,2,2,"0 4",1000,1,100,80,20,0.2,0,0.8,0,0,"only B"
"452","hpztpj4r",2,1,"B",124.85078,107,102,125,1,240,2,2,"0 4",1000,1,100,80,20,0.2,0,0.8,0,0,"only B"
"453","hpztpj4r",2,1,"B",124.955526,108,88,130,1,240,2,2,"0 4",1000,1,100,80,20,0.2,0,0.8,0,0,"only B"
"454","hpztpj4r",2,1,"B",157.615418,113,112,120,1,240,2,2,"0 4",1000,1,100,80,20,0.2,0,0.8,0,0,"only B"
"455","hpztpj4r",2,1,"B",185.609905,118,116,130,1,240,2,2,"0 4",1000,1,100,80,20,0.2,0,0.8,0,0,"only B"
"456","hpztpj4r",2,1,"B",198.10889,120,82,100,1,240,2,2,"0 4",1000,1,100,80,20,0.2,0,0.8,0,0,"only B"
"457","hpztpj4r",2,1,"B",228.254055,124,122,110,1,240,2,2,"0 4",1000,1,100,80,20,0.2,0,0.8,0,0,"only B"
"458","hpztpj4r",3,1,"B",19.846351,128,127,100,1,240,2,2,"0 4",1000,0,100,80,20,0.2,0,0.8,0,0,"only B"
"459","hpztpj4r",3,1,"B",36.783401,137,131,100,1,240,2,2,"0 4",1000,0,100,80,20,0.2,0,0.8,0,0,"only B"
"460","hpztpj4r",3,1,"B",45.13785,141,140,110,1,240,2,2,"0 4",1000,0,100,80,20,0.2,0,0.8,0,0,"only B"
"461","hpztpj4r",3,1,"B",48.944826,143,132,120,1,240,2,2,"0 4",1000,0,100,80,20,0.2,0,0.8,0,0,"only B"
"462","hpztpj4r",3,1,"B",51.707452,146,144,110,1,240,2,2,"0 4",1000,0,100,80,20,0.2,0,0.8,0,0,"only B"
"463","hpztpj4r",3,1,"B",52.179158,147,142,100,1,240,2,2,"0 4",1000,0,100,80,20,0.2,0,0.8,0,0,"only B"
"464","hpztpj4r",3,1,"B",59.435692,152,148,100,1,240,2,2,"0 4",1000,0,100,80,20,0.2,0,0.8,0,0,"only B"
"465","hpztpj4r",3,1,"B",60.87341,153,133,120,1,240,2,2,"0 4",1000,0,100,80,20,0.2,0,0.8,0,0,"only B"
"466","hpztpj4r",3,1,"B",63.646617,155,151,90,1,240,2,2,"0 4",1000,0,100,80,20,0.2,0,0.8,0,0,"only B"
"467","hpztpj4r",3,1,"B",63.78058,156,134,120,1,240,2,2,"0 4",1000,0,100,80,20,0.2,0,0.8,0,0,"only B"
"468","hpztpj4r",3,1,"B",70.827355,160,150,120,1,240,2,2,"0 4",1000,0,100,80,20,0.2,0,0.8,0,0,"only B"
"469","hpztpj4r",3,1,"B",71.403345,161,157,90,1,240,2,2,"0 4",1000,0,100,80,20,0.2,0,0.8,0,0,"only B"
"470","hpztpj4r",3,1,"B",78.326828,164,162,120,1,240,2,2,"0 4",1000,0,100,80,20,0.2,0,0.8,0,0,"only B"
"471","hpztpj4r",3,1,"B",78.720979,165,163,95,1,240,2,2,"0 4",1000,0,100,80,20,0.2,0,0.8,0,0,"only B"
"472","hpztpj4r",3,1,"B",98.867886,176,175,120,1,240,2,2,"0 4",1000,0,100,80,20,0.2,0,0.8,0,0,"only B"
"473","hpztpj4r",3,1,"B",121.639357,179,168,125,1,240,2,2,"0 4",1000,0,100,80,20,0.2,0,0.8,0,0,"only B"
"474","hpztpj4r",3,1,"B",137.192792,183,182,125,1,240,2,2,"0 4",1000,0,100,80,20,0.2,0,0.8,0,0,"only B"
"475","hpztpj4r",3,1,"B",191.528189,194,180,120,1,240,2,2,"0 4",1000,0,100,80,20,0.2,0,0.8,0,0,"only B"
"476","hpztpj4r",3,1,"B",191.682398,195,187,111,1,240,2,2,"0 4",1000,0,100,80,20,0.2,0,0.8,0,0,"only B"
"477","hpztpj4r",3,1,"B",201.70271,198,196,111,1,240,2,2,"0 4",1000,0,100,80,20,0.2,0,0.8,0,0,"only B"
"478","hpztpj4r",3,1,"B",225.14721,205,203,120,1,240,2,2,"0 4",1000,0,100,80,20,0.2,0,0.8,0,0,"only B"
"479","hpztpj4r",4,1,"A",12.524024,215,211,140,1,240,2,2,"4 0",1000,0,100,80,20,0.2,0,0.8,0,0,"only A"
"480","hpztpj4r",4,1,"A",26.576273,227,226,126,1,240,2,2,"4 0",1000,0,100,80,20,0.2,0,0.8,0,0,"only A"
"481","hpztpj4r",4,1,"A",36.388787,234,231,145,1,240,2,2,"4 0",1000,0,100,80,20,0.2,0,0.8,0,0,"only A"
"482","hpztpj4r",4,1,"A",40.078961,235,233,126,1,240,2,2,"4 0",1000,0,100,80,20,0.2,0,0.8,0,0,"only A"
"483","hpztpj4r",4,1,"A",81.583604,251,250,140,1,240,2,2,"4 0",1000,0,100,80,20,0.2,0,0.8,0,0,"only A"
"484","hpztpj4r",4,1,"A",88.565763,254,241,130,1,240,2,2,"4 0",1000,0,100,80,20,0.2,0,0.8,0,0,"only A"
"485","hpztpj4r",4,1,"A",90.184003,255,253,140,1,240,2,2,"4 0",1000,0,100,80,20,0.2,0,0.8,0,0,"only A"
"486","hpztpj4r",4,1,"A",98.360457,259,257,130,1,240,2,2,"4 0",1000,0,100,80,20,0.2,0,0.8,0,0,"only A"
"487","hpztpj4r",4,1,"A",101.070138,260,258,130,1,240,2,2,"4 0",1000,0,100,80,20,0.2,0,0.8,0,0,"only A"
"488","hpztpj4r",4,1,"A",106.20882,263,222,125,1,240,2,2,"4 0",1000,0,100,80,20,0.2,0,0.8,0,0,"only A"
"489","hpztpj4r",4,1,"A",132.380652,271,270,130,1,240,2,2,"4 0",1000,0,100,80,20,0.2,0,0.8,0,0,"only A"
"490","hpztpj4r",4,1,"A",145.151129,275,272,130,1,240,2,2,"4 0",1000,0,100,80,20,0.2,0,0.8,0,0,"only A"
"491","hpztpj4r",4,1,"A",149.900008,278,277,129,1,240,2,2,"4 0",1000,0,100,80,20,0.2,0,0.8,0,0,"only A"
"492","hpztpj4r",4,1,"A",155.885391,280,279,129,1,240,2,2,"4 0",1000,0,100,80,20,0.2,0,0.8,0,0,"only A"
"493","hpztpj4r",4,1,"A",207.343865,286,285,119,1,240,2,2,"4 0",1000,0,100,80,20,0.2,0,0.8,0,0,"only A"
"494","hpztpj4r",4,1,"A",209.081731,289,284,120,1,240,2,2,"4 0",1000,0,100,80,20,0.2,0,0.8,0,0,"only A"
"495","hpztpj4r",4,1,"A",225.979268,295,293,120,1,240,2,2,"4 0",1000,0,100,80,20,0.2,0,0.8,0,0,"only A"
"496","hpztpj4r",5,1,"A",20.636384,307,304,129,1,240,2,2,"4 0",1000,0,100,80,20,0.2,0,0.8,0,0,"only A"
"497","hpztpj4r",5,1,"A",22.75589,309,308,129,1,240,2,2,"4 0",1000,0,100,80,20,0.2,0,0.8,0,0,"only A"
"498","hpztpj4r",5,1,"A",26.456243,316,313,129,1,240,2,2,"4 0",1000,0,100,80,20,0.2,0,0.8,0,0,"only A"
"499","hpztpj4r",5,1,"A",30.919312,319,317,129,1,240,2,2,"4 0",1000,0,100,80,20,0.2,0,0.8,0,0,"only A"
"500","hpztpj4r",5,1,"A",49.773392,333,332,129,1,240,2,2,"4 0",1000,0,100,80,20,0.2,0,0.8,0,0,"only A"
"501","hpztpj4r",5,1,"A",59.637407,340,338,125,1,240,2,2,"4 0",1000,0,100,80,20,0.2,0,0.8,0,0,"only A"
"502","hpztpj4r",5,1,"A",66.567813,344,342,120,1,240,2,2,"4 0",1000,0,100,80,20,0.2,0,0.8,0,0,"only A"
"503","hpztpj4r",5,1,"A",67.346747,345,343,120,1,240,2,2,"4 0",1000,0,100,80,20,0.2,0,0.8,0,0,"only A"
"504","hpztpj4r",5,1,"A",81.405144,349,348,121,1,240,2,2,"4 0",1000,0,100,80,20,0.2,0,0.8,0,0,"only A"
"505","hpztpj4r",5,1,"A",84.27191,352,350,120,1,240,2,2,"4 0",1000,0,100,80,20,0.2,0,0.8,0,0,"only A"
"506","hpztpj4r",5,1,"A",86.023509,354,353,120,1,240,2,2,"4 0",1000,0,100,80,20,0.2,0,0.8,0,0,"only A"
"507","hpztpj4r",5,1,"A",127.337324,364,357,123,1,240,2,2,"4 0",1000,0,100,80,20,0.2,0,0.8,0,0,"only A"
"508","hpztpj4r",5,1,"A",136.245107,367,366,120,1,240,2,2,"4 0",1000,0,100,80,20,0.2,0,0.8,0,0,"only A"
"509","hpztpj4r",5,1,"A",168.826258,371,358,115,1,240,2,2,"4 0",1000,0,100,80,20,0.2,0,0.8,0,0,"only A"
"510","hpztpj4r",5,1,"A",202.677194,377,375,115,1,240,2,2,"4 0",1000,0,100,80,20,0.2,0,0.8,0,0,"only A"
"511","hpztpj4r",5,1,"A",227.301062,379,376,111,1,240,2,2,"4 0",1000,0,100,80,20,0.2,0,0.8,0,0,"only A"
"512","hpztpj4r",6,1,"B",15.000824,389,382,100,1,240,2,2,"0 4",1000,0,100,80,20,0.2,0,0.8,0,0,"only B"
"513","hpztpj4r",6,1,"B",15.085928,390,383,120,1,240,2,2,"0 4",1000,0,100,80,20,0.2,0,0.8,0,0,"only B"
"514","hpztpj4r",6,1,"B",19.37095,392,391,115,1,240,2,2,"0 4",1000,0,100,80,20,0.2,0,0.8,0,0,"only B"
"515","hpztpj4r",6,1,"B",23.13656,394,393,114,1,240,2,2,"0 4",1000,0,100,80,20,0.2,0,0.8,0,0,"only B"
"516","hpztpj4r",6,1,"B",25.661768,397,395,110,1,240,2,2,"0 4",1000,0,100,80,20,0.2,0,0.8,0,0,"only B"
"517","hpztpj4r",6,1,"B",25.807644,398,384,120,1,240,2,2,"0 4",1000,0,100,80,20,0.2,0,0.8,0,0,"only B"
"518","hpztpj4r",6,1,"B",31.344705,401,399,100,1,240,2,2,"0 4",1000,0,100,80,20,0.2,0,0.8,0,0,"only B"
"519","hpztpj4r",6,1,"B",35.086478,403,385,120,1,240,2,2,"0 4",1000,0,100,80,20,0.2,0,0.8,0,0,"only B"
"520","hpztpj4r",6,1,"B",46.689404,407,406,112,1,240,2,2,"0 4",1000,0,100,80,20,0.2,0,0.8,0,0,"only B"
"521","hpztpj4r",6,1,"B",62.913089,415,414,115,1,240,2,2,"0 4",1000,0,100,80,20,0.2,0,0.8,0,0,"only B"
"522","hpztpj4r",6,1,"B",75.709469,421,420,116,1,240,2,2,"0 4",1000,0,100,80,20,0.2,0,0.8,0,0,"only B"
"523","hpztpj4r",6,1,"B",76.862292,422,413,119,1,240,2,2,"0 4",1000,0,100,80,20,0.2,0,0.8,0,0,"only B"
"524","hpztpj4r",6,1,"B",138.890549,429,408,120,1,240,2,2,"0 4",1000,0,100,80,20,0.2,0,0.8,0,0,"only B"
"525","hpztpj4r",6,1,"B",181.829437,434,433,120,1,240,2,2,"0 4",1000,0,100,80,20,0.2,0,0.8,0,0,"only B"
"526","hpztpj4r",6,1,"B",213.519055,438,437,120,1,240,2,2,"0 4",1000,0,100,80,20,0.2,0,0.8,0,0,"only B"
"527","hpztpj4r",7,1,"B",6.76424,448,447,120,1,240,2,2,"0 4",1000,0,100,80,20,0.2,0,0.8,0,0,"only B"
"528","hpztpj4r",7,1,"B",10.823522,450,449,120,1,240,2,2,"0 4",1000,0,100,80,20,0.2,0,0.8,0,0,"only B"
"529","hpztpj4r",7,1,"B",14.578853,453,451,120,1,240,2,2,"0 4",1000,0,100,80,20,0.2,0,0.8,0,0,"only B"
"530","hpztpj4r",7,1,"B",24.469039,460,457,120,1,240,2,2,"0 4",1000,0,100,80,20,0.2,0,0.8,0,0,"only B"
"531","hpztpj4r",7,1,"B",26.709477,464,461,110,1,240,2,2,"0 4",1000,0,100,80,20,0.2,0,0.8,0,0,"only B"
"532","hpztpj4r",7,1,"B",30.104632,468,466,111,1,240,2,2,"0 4",1000,0,100,80,20,0.2,0,0.8,0,0,"only B"
"533","hpztpj4r",7,1,"B",35.578125,472,463,115,1,240,2,2,"0 4",1000,0,100,80,20,0.2,0,0.8,0,0,"only B"
"534","hpztpj4r",7,1,"B",50.391418,482,467,120,1,240,2,2,"0 4",1000,0,100,80,20,0.2,0,0.8,0,0,"only B"
"535","hpztpj4r",7,1,"B",55.111107,483,481,119,1,240,2,2,"0 4",1000,0,100,80,20,0.2,0,0.8,0,0,"only B"
"536","hpztpj4r",7,1,"B",70.265871,488,487,120,1,240,2,2,"0 4",1000,0,100,80,20,0.2,0,0.8,0,0,"only B"
"537","hpztpj4r",7,1,"B",95.381724,492,491,112,1,240,2,2,"0 4",1000,0,100,80,20,0.2,0,0.8,0,0,"only B"
"538","hpztpj4r",7,1,"B",127.216551,498,497,119,1,240,2,2,"0 4",1000,0,100,80,20,0.2,0,0.8,0,0,"only B"
"539","hpztpj4r",7,1,"B",159.557076,501,499,120,1,240,2,2,"0 4",1000,0,100,80,20,0.2,0,0.8,0,0,"only B"
"540","hpztpj4r",8,1,"A",30.366406,519,518,110,1,240,2,2,"4 0",1000,0,100,80,20,0.2,0,0.8,0,0,"only A"
"541","hpztpj4r",8,1,"A",53.349022,530,527,109,1,240,2,2,"4 0",1000,0,100,80,20,0.2,0,0.8,0,0,"only A"
"542","hpztpj4r",8,1,"A",57.483821,533,529,108,1,240,2,2,"4 0",1000,0,100,80,20,0.2,0,0.8,0,0,"only A"
"543","hpztpj4r",8,1,"A",65.618571,537,532,108,1,240,2,2,"4 0",1000,0,100,80,20,0.2,0,0.8,0,0,"only A"
"544","hpztpj4r",8,1,"A",68.03669,538,536,105,1,240,2,2,"4 0",1000,0,100,80,20,0.2,0,0.8,0,0,"only A"
"545","hpztpj4r",8,1,"A",70.737281,539,503,100,1,240,2,2,"4 0",1000,0,100,80,20,0.2,0,0.8,0,0,"only A"
"546","hpztpj4r",8,1,"A",78.296846,545,541,105,1,240,2,2,"4 0",1000,0,100,80,20,0.2,0,0.8,0,0,"only A"
"547","hpztpj4r",8,1,"A",82.021291,546,542,106,1,240,2,2,"4 0",1000,0,100,80,20,0.2,0,0.8,0,0,"only A"
"548","hpztpj4r",8,1,"A",84.106481,548,547,105,1,240,2,2,"4 0",1000,0,100,80,20,0.2,0,0.8,0,0,"only A"
"549","hpztpj4r",8,1,"A",86.980997,550,540,107,1,240,2,2,"4 0",1000,0,100,80,20,0.2,0,0.8,0,0,"only A"
"550","hpztpj4r",8,1,"A",91.585999,554,551,105,1,240,2,2,"4 0",1000,0,100,80,20,0.2,0,0.8,0,0,"only A"
"551","hpztpj4r",8,1,"A",93.746548,556,555,104,1,240,2,2,"4 0",1000,0,100,80,20,0.2,0,0.8,0,0,"only A"
"552","hpztpj4r",8,1,"A",123.760921,560,559,105,1,240,2,2,"4 0",1000,0,100,80,20,0.2,0,0.8,0,0,"only A"
"553","hpztpj4r",8,1,"A",131.65736,562,561,105,1,240,2,2,"4 0",1000,0,100,80,20,0.2,0,0.8,0,0,"only A"
"554","hpztpj4r",8,1,"A",145.489847,567,564,105,1,240,2,2,"4 0",1000,0,100,80,20,0.2,0,0.8,0,0,"only A"
"555","hpztpj4r",8,1,"A",160.109038,569,568,105,1,240,2,2,"4 0",1000,0,100,80,20,0.2,0,0.8,0,0,"only A"
"556","hpztpj4r",8,1,"A",170.191849,571,570,105,1,240,2,2,"4 0",1000,0,100,80,20,0.2,0,0.8,0,0,"only A"
"557","hpztpj4r",8,1,"A",191.078259,577,573,105,1,240,2,2,"4 0",1000,0,100,80,20,0.2,0,0.8,0,0,"only A"
"558","hpztpj4r",8,1,"A",197.994902,578,514,100,1,240,2,2,"4 0",1000,0,100,80,20,0.2,0,0.8,0,0,"only A"
"559","hpztpj4r",8,1,"A",233.202914,587,581,105,1,240,2,2,"4 0",1000,0,100,80,20,0.2,0,0.8,0,0,"only A"
"560","iyox743l",1,1,"B",80.833502,597,596,75,1,240,2,2,"0 4",1000,1,100,80,20,0.2,0,0.8,0,0,"only B"
"561","iyox743l",1,1,"B",124.766044,608,604,75,1,240,2,2,"0 4",1000,1,100,80,20,0.2,0,0.8,0,0,"only B"
"562","iyox743l",1,1,"B",138.55487,613,610,90,1,240,2,2,"0 4",1000,1,100,80,20,0.2,0,0.8,0,0,"only B"
"563","iyox743l",1,1,"B",147.06356,615,591,95,1,240,2,2,"0 4",1000,1,100,80,20,0.2,0,0.8,0,0,"only B"
"564","iyox743l",1,1,"B",169.79093,619,589,100,1,240,2,2,"0 4",1000,1,100,80,20,0.2,0,0.8,0,0,"only B"
"565","iyox743l",1,1,"B",175.198996,621,620,100,1,240,2,2,"0 4",1000,1,100,80,20,0.2,0,0.8,0,0,"only B"
"566","iyox743l",1,1,"B",182.366788,624,623,100,1,240,2,2,"0 4",1000,1,100,80,20,0.2,0,0.8,0,0,"only B"
"567","iyox743l",1,1,"B",186.806012,625,622,110,1,240,2,2,"0 4",1000,1,100,80,20,0.2,0,0.8,0,0,"only B"
"568","iyox743l",1,1,"B",203.310689,631,630,120,1,240,2,2,"0 4",1000,1,100,80,20,0.2,0,0.8,0,0,"only B"
"569","iyox743l",1,1,"B",208.351083,634,629,130,1,240,2,2,"0 4",1000,1,100,80,20,0.2,0,0.8,0,0,"only B"
"570","iyox743l",1,1,"B",214.129394,637,636,120,1,240,2,2,"0 4",1000,1,100,80,20,0.2,0,0.8,0,0,"only B"
"571","iyox743l",1,1,"B",222.662945,639,638,120,1,240,2,2,"0 4",1000,1,100,80,20,0.2,0,0.8,0,0,"only B"
"572","iyox743l",1,1,"B",234.029442,640,635,125,1,240,2,2,"0 4",1000,1,100,80,20,0.2,0,0.8,0,0,"only B"
"573","iyox743l",2,1,"B",15.747343,648,644,100,1,240,2,2,"0 4",1000,0,100,80,20,0.2,0,0.8,0,0,"only B"
"574","iyox743l",2,1,"B",26.603852,651,650,100,1,240,2,2,"0 4",1000,0,100,80,20,0.2,0,0.8,0,0,"only B"
"575","iyox743l",2,1,"B",31.939391,653,652,100,1,240,2,2,"0 4",1000,0,100,80,20,0.2,0,0.8,0,0,"only B"
"576","iyox743l",2,1,"B",34.374082,656,655,100,1,240,2,2,"0 4",1000,0,100,80,20,0.2,0,0.8,0,0,"only B"
"577","iyox743l",2,1,"B",42.3646,663,662,110,1,240,2,2,"0 4",1000,0,100,80,20,0.2,0,0.8,0,0,"only B"
"578","iyox743l",2,1,"B",47.896727,666,657,115,1,240,2,2,"0 4",1000,0,100,80,20,0.2,0,0.8,0,0,"only B"
"579","iyox743l",2,1,"B",66.073303,669,668,110,1,240,2,2,"0 4",1000,0,100,80,20,0.2,0,0.8,0,0,"only B"
"580","iyox743l",2,1,"B",71.616782,672,671,110,1,240,2,2,"0 4",1000,0,100,80,20,0.2,0,0.8,0,0,"only B"
"581","iyox743l",2,1,"B",85.296792,676,670,115,1,240,2,2,"0 4",1000,0,100,80,20,0.2,0,0.8,0,0,"only B"
"582","iyox743l",2,1,"B",122.383926,682,680,100,1,240,2,2,"0 4",1000,0,100,80,20,0.2,0,0.8,0,0,"only B"
"583","iyox743l",2,1,"B",127.447242,686,683,111,1,240,2,2,"0 4",1000,0,100,80,20,0.2,0,0.8,0,0,"only B"
"584","iyox743l",2,1,"B",131.554115,687,685,102,1,240,2,2,"0 4",1000,0,100,80,20,0.2,0,0.8,0,0,"only B"
"585","iyox743l",2,1,"B",144.996532,690,688,100,1,240,2,2,"0 4",1000,0,100,80,20,0.2,0,0.8,0,0,"only B"
"586","iyox743l",2,1,"B",165.917422,696,694,109,1,240,2,2,"0 4",1000,0,100,80,20,0.2,0,0.8,0,0,"only B"
"587","iyox743l",2,1,"B",178.769155,700,699,110,1,240,2,2,"0 4",1000,0,100,80,20,0.2,0,0.8,0,0,"only B"
"588","iyox743l",2,1,"B",187.615539,702,695,101,1,240,2,2,"0 4",1000,0,100,80,20,0.2,0,0.8,0,0,"only B"
"589","iyox743l",2,1,"B",195.474161,706,703,105,1,240,2,2,"0 4",1000,0,100,80,20,0.2,0,0.8,0,0,"only B"
"590","iyox743l",2,1,"B",222.015875,711,704,105,1,240,2,2,"0 4",1000,0,100,80,20,0.2,0,0.8,0,0,"only B"
"591","iyox743l",2,1,"B",238.101722,713,707,109,1,240,2,2,"0 4",1000,0,100,80,20,0.2,0,0.8,0,0,"only B"
"592","iyox743l",3,1,"B",11.837072,718,717,100,1,240,2,2,"0 4",1000,0,100,80,20,0.2,0,0.8,0,0,"only B"
"593","iyox743l",3,1,"B",18.894148,721,719,95,1,240,2,2,"0 4",1000,0,100,80,20,0.2,0,0.8,0,0,"only B"
"594","iyox743l",3,1,"B",23.216822,725,722,100,1,240,2,2,"0 4",1000,0,100,80,20,0.2,0,0.8,0,0,"only B"
"595","iyox743l",3,1,"B",27.423641,729,726,90,1,240,2,2,"0 4",1000,0,100,80,20,0.2,0,0.8,0,0,"only B"
"596","iyox743l",3,1,"B",31.675062,731,727,100,1,240,2,2,"0 4",1000,0,100,80,20,0.2,0,0.8,0,0,"only B"
"597","iyox743l",3,1,"B",33.58293,733,730,100,1,240,2,2,"0 4",1000,0,100,80,20,0.2,0,0.8,0,0,"only B"
"598","iyox743l",3,1,"B",35.767898,735,734,100,1,240,2,2,"0 4",1000,0,100,80,20,0.2,0,0.8,0,0,"only B"
"599","iyox743l",3,1,"B",49.29003,742,739,100,1,240,2,2,"0 4",1000,0,100,80,20,0.2,0,0.8,0,0,"only B"
"600","iyox743l",3,1,"B",49.827158,743,740,100,1,240,2,2,"0 4",1000,0,100,80,20,0.2,0,0.8,0,0,"only B"
"601","iyox743l",3,1,"B",50.259634,744,741,100,1,240,2,2,"0 4",1000,0,100,80,20,0.2,0,0.8,0,0,"only B"
"602","iyox743l",3,1,"B",87.337579,752,746,102,1,240,2,2,"0 4",1000,0,100,80,20,0.2,0,0.8,0,0,"only B"
"603","iyox743l",3,1,"B",88.174656,753,750,100,1,240,2,2,"0 4",1000,0,100,80,20,0.2,0,0.8,0,0,"only B"
"604","iyox743l",3,1,"B",91.971233,754,736,105,1,240,2,2,"0 4",1000,0,100,80,20,0.2,0,0.8,0,0,"only B"
"605","iyox743l",3,1,"B",105.287667,761,760,100,1,240,2,2,"0 4",1000,0,100,80,20,0.2,0,0.8,0,0,"only B"
"606","iyox743l",3,1,"B",113.183664,764,762,100,1,240,2,2,"0 4",1000,0,100,80,20,0.2,0,0.8,0,0,"only B"
"607","iyox743l",3,1,"B",118.960871,768,759,108,1,240,2,2,"0 4",1000,0,100,80,20,0.2,0,0.8,0,0,"only B"
"608","iyox743l",3,1,"B",144.379749,772,770,105,1,240,2,2,"0 4",1000,0,100,80,20,0.2,0,0.8,0,0,"only B"
"609","iyox743l",3,1,"B",161.443502,778,771,109,1,240,2,2,"0 4",1000,0,100,80,20,0.2,0,0.8,0,0,"only B"
"610","iyox743l",3,1,"B",218.294052,788,787,105,1,240,2,2,"0 4",1000,0,100,80,20,0.2,0,0.8,0,0,"only B"
"611","iyox743l",3,1,"B",225.94927,791,790,108,1,240,2,2,"0 4",1000,0,100,80,20,0.2,0,0.8,0,0,"only B"
"612","iyox743l",3,1,"B",230.980239,792,773,101,1,240,2,2,"0 4",1000,0,100,80,20,0.2,0,0.8,0,0,"only B"
"613","iyox743l",3,1,"B",235.248349,793,767,100,1,240,2,2,"0 4",1000,0,100,80,20,0.2,0,0.8,0,0,"only B"
"614","iyox743l",4,1,"B",6.835807,799,797,100,1,240,2,2,"0 4",1000,0,100,80,20,0.2,0,0.8,0,0,"only B"
"615","iyox743l",4,1,"B",10.899233,803,800,100,1,240,2,2,"0 4",1000,0,100,80,20,0.2,0,0.8,0,0,"only B"
"616","iyox743l",4,1,"B",12.297319,806,802,100,1,240,2,2,"0 4",1000,0,100,80,20,0.2,0,0.8,0,0,"only B"
"617","iyox743l",4,1,"B",13.15805,807,805,100,1,240,2,2,"0 4",1000,0,100,80,20,0.2,0,0.8,0,0,"only B"
"618","iyox743l",4,1,"B",16.212753,809,808,100,1,240,2,2,"0 4",1000,0,100,80,20,0.2,0,0.8,0,0,"only B"
"619","iyox743l",4,1,"B",23.672763,817,815,105,1,240,2,2,"0 4",1000,0,100,80,20,0.2,0,0.8,0,0,"only B"
"620","iyox743l",4,1,"B",26.742716,821,816,100,1,240,2,2,"0 4",1000,0,100,80,20,0.2,0,0.8,0,0,"only B"
"621","iyox743l",4,1,"B",53.580123,829,825,101,1,240,2,2,"0 4",1000,0,100,80,20,0.2,0,0.8,0,0,"only B"
"622","iyox743l",4,1,"B",56.630488,830,827,108,1,240,2,2,"0 4",1000,0,100,80,20,0.2,0,0.8,0,0,"only B"
"623","iyox743l",4,1,"B",59.609157,833,822,109,1,240,2,2,"0 4",1000,0,100,80,20,0.2,0,0.8,0,0,"only B"
"624","iyox743l",4,1,"B",64.074957,835,834,105,1,240,2,2,"0 4",1000,0,100,80,20,0.2,0,0.8,0,0,"only B"
"625","iyox743l",4,1,"B",65.648936,837,811,110,1,240,2,2,"0 4",1000,0,100,80,20,0.2,0,0.8,0,0,"only B"
"626","iyox743l",4,1,"B",65.865049,838,813,110,1,240,2,2,"0 4",1000,0,100,80,20,0.2,0,0.8,0,0,"only B"
"627","iyox743l",4,1,"B",71.751195,841,839,110,1,240,2,2,"0 4",1000,0,100,80,20,0.2,0,0.8,0,0,"only B"
"628","iyox743l",4,1,"B",75.466538,844,842,110,1,240,2,2,"0 4",1000,0,100,80,20,0.2,0,0.8,0,0,"only B"
"629","iyox743l",4,1,"B",83.090897,847,845,110,1,240,2,2,"0 4",1000,0,100,80,20,0.2,0,0.8,0,0,"only B"
"630","iyox743l",4,1,"B",110.832039,850,849,109,1,240,2,2,"0 4",1000,0,100,80,20,0.2,0,0.8,0,0,"only B"
"631","iyox743l",4,1,"B",183.895985,864,863,108,1,240,2,2,"0 4",1000,0,100,80,20,0.2,0,0.8,0,0,"only B"
"632","iyox743l",4,1,"B",187.646364,865,861,106,1,240,2,2,"0 4",1000,0,100,80,20,0.2,0,0.8,0,0,"only B"
"633","iyox743l",4,1,"B",203.706631,869,868,108,1,240,2,2,"0 4",1000,0,100,80,20,0.2,0,0.8,0,0,"only B"
"634","iyox743l",4,1,"B",205.410208,870,867,109,1,240,2,2,"0 4",1000,0,100,80,20,0.2,0,0.8,0,0,"only B"
"635","iyox743l",4,1,"B",206.553366,872,871,108,1,240,2,2,"0 4",1000,0,100,80,20,0.2,0,0.8,0,0,"only B"
"636","iyox743l",4,1,"B",215.560745,876,873,112,1,240,2,2,"0 4",1000,0,100,80,20,0.2,0,0.8,0,0,"only B"
"637","iyox743l",4,1,"B",221.928803,878,866,115,1,240,2,2,"0 4",1000,0,100,80,20,0.2,0,0.8,0,0,"only B"
"638","iyox743l",4,1,"B",223.382576,879,877,112,1,240,2,2,"0 4",1000,0,100,80,20,0.2,0,0.8,0,0,"only B"
"639","iyox743l",4,1,"B",237.744864,881,880,110,1,240,2,2,"0 4",1000,0,100,80,20,0.2,0,0.8,0,0,"only B"
"640","iyox743l",5,1,"B",5.86649,884,883,100,1,240,2,2,"0 4",1000,0,100,80,20,0.2,0,0.8,0,0,"only B"
"641","iyox743l",5,1,"B",9.789684,888,887,100,1,240,2,2,"0 4",1000,0,100,80,20,0.2,0,0.8,0,0,"only B"
"642","iyox743l",5,1,"B",14.129644,895,889,100,1,240,2,2,"0 4",1000,0,100,80,20,0.2,0,0.8,0,0,"only B"
"643","iyox743l",5,1,"B",37.023637,905,904,105,1,240,2,2,"0 4",1000,0,100,80,20,0.2,0,0.8,0,0,"only B"
"644","iyox743l",5,1,"B",45.209721,914,906,105,1,240,2,2,"0 4",1000,0,100,80,20,0.2,0,0.8,0,0,"only B"
"645","iyox743l",5,1,"B",46.371348,915,908,105,1,240,2,2,"0 4",1000,0,100,80,20,0.2,0,0.8,0,0,"only B"
"646","iyox743l",5,1,"B",47.676178,916,899,109,1,240,2,2,"0 4",1000,0,100,80,20,0.2,0,0.8,0,0,"only B"
"647","iyox743l",5,1,"B",50.04573,917,907,105,1,240,2,2,"0 4",1000,0,100,80,20,0.2,0,0.8,0,0,"only B"
"648","iyox743l",5,1,"B",54.726648,919,918,108,1,240,2,2,"0 4",1000,0,100,80,20,0.2,0,0.8,0,0,"only B"
"649","iyox743l",5,1,"B",66.065178,924,921,109,1,240,2,2,"0 4",1000,0,100,80,20,0.2,0,0.8,0,0,"only B"
"650","iyox743l",5,1,"B",68.091436,926,925,109,1,240,2,2,"0 4",1000,0,100,80,20,0.2,0,0.8,0,0,"only B"
"651","iyox743l",5,1,"B",75.220293,929,890,110,1,240,2,2,"0 4",1000,0,100,80,20,0.2,0,0.8,0,0,"only B"
"652","iyox743l",5,1,"B",76.00371,930,891,110,1,240,2,2,"0 4",1000,0,100,80,20,0.2,0,0.8,0,0,"only B"
"653","iyox743l",5,1,"B",76.143431,931,894,110,1,240,2,2,"0 4",1000,0,100,80,20,0.2,0,0.8,0,0,"only B"
"654","iyox743l",5,1,"B",76.259148,932,923,110,1,240,2,2,"0 4",1000,0,100,80,20,0.2,0,0.8,0,0,"only B"
"655","iyox743l",5,1,"B",94.737745,940,936,110,1,240,2,2,"0 4",1000,0,100,80,20,0.2,0,0.8,0,0,"only B"
"656","iyox743l",5,1,"B",95.43162,941,937,110,1,240,2,2,"0 4",1000,0,100,80,20,0.2,0,0.8,0,0,"only B"
"657","iyox743l",5,1,"B",104.520698,944,928,108,1,240,2,2,"0 4",1000,0,100,80,20,0.2,0,0.8,0,0,"only B"
"658","iyox743l",5,1,"B",107.63647,945,942,110,1,240,2,2,"0 4",1000,0,100,80,20,0.2,0,0.8,0,0,"only B"
"659","iyox743l",5,1,"B",115.285543,949,946,110,1,240,2,2,"0 4",1000,0,100,80,20,0.2,0,0.8,0,0,"only B"
"660","iyox743l",6,1,"B",7.116859,969,966,110,1,240,2,2,"0 4",1000,0,100,80,20,0.2,0,0.8,0,0,"only B"
"661","iyox743l",6,1,"B",9.8249,973,967,110,1,240,2,2,"0 4",1000,0,100,80,20,0.2,0,0.8,0,0,"only B"
"662","iyox743l",6,1,"B",10.006181,974,968,110,1,240,2,2,"0 4",1000,0,100,80,20,0.2,0,0.8,0,0,"only B"
"663","iyox743l",6,1,"B",11.560685,978,975,110,1,240,2,2,"0 4",1000,0,100,80,20,0.2,0,0.8,0,0,"only B"
"664","iyox743l",6,1,"B",13.498908,983,976,110,1,240,2,2,"0 4",1000,0,100,80,20,0.2,0,0.8,0,0,"only B"
"665","iyox743l",6,1,"B",20.93662,985,977,110,1,240,2,2,"0 4",1000,0,100,80,20,0.2,0,0.8,0,0,"only B"
"666","iyox743l",6,1,"B",22.305351,987,979,110,1,240,2,2,"0 4",1000,0,100,80,20,0.2,0,0.8,0,0,"only B"
"667","iyox743l",6,1,"B",29.183491,988,971,111,1,240,2,2,"0 4",1000,0,100,80,20,0.2,0,0.8,0,0,"only B"
"668","iyox743l",6,1,"B",29.320057,989,972,111,1,240,2,2,"0 4",1000,0,100,80,20,0.2,0,0.8,0,0,"only B"
"669","iyox743l",6,1,"B",30.129843,990,984,111,1,240,2,2,"0 4",1000,0,100,80,20,0.2,0,0.8,0,0,"only B"
"670","iyox743l",6,1,"B",41.423333,996,980,110,1,240,2,2,"0 4",1000,0,100,80,20,0.2,0,0.8,0,0,"only B"
"671","iyox743l",6,1,"B",44.762228,997,981,110,1,240,2,2,"0 4",1000,0,100,80,20,0.2,0,0.8,0,0,"only B"
"672","iyox743l",6,1,"B",78.720109,1008,982,110,1,240,2,2,"0 4",1000,0,100,80,20,0.2,0,0.8,0,0,"only B"
"673","iyox743l",6,1,"B",116.694524,1011,992,115,1,240,2,2,"0 4",1000,0,100,80,20,0.2,0,0.8,0,0,"only B"
"674","iyox743l",6,1,"B",129.998278,1013,1012,114,1,240,2,2,"0 4",1000,0,100,80,20,0.2,0,0.8,0,0,"only B"
"675","iyox743l",6,1,"B",148.01493,1015,999,115,1,240,2,2,"0 4",1000,0,100,80,20,0.2,0,0.8,0,0,"only B"
"676","iyox743l",6,1,"B",169.005944,1019,1017,114,1,240,2,2,"0 4",1000,0,100,80,20,0.2,0,0.8,0,0,"only B"
"677","iyox743l",6,1,"B",169.093672,1020,1018,114,1,240,2,2,"0 4",1000,0,100,80,20,0.2,0,0.8,0,0,"only B"
"678","iyox743l",6,1,"B",210.852302,1029,1028,114,1,240,2,2,"0 4",1000,0,100,80,20,0.2,0,0.8,0,0,"only B"
"679","iyox743l",6,1,"B",234.435771,1031,1030,112,1,240,2,2,"0 4",1000,0,100,80,20,0.2,0,0.8,0,0,"only B"
"680","iyox743l",7,1,"B",4.661711,1038,1032,110,1,240,2,2,"0 4",1000,0,100,80,20,0.2,0,0.8,0,0,"only B"
"681","iyox743l",7,1,"B",5.82237,1040,1034,111,1,240,2,2,"0 4",1000,0,100,80,20,0.2,0,0.8,0,0,"only B"
"682","iyox743l",7,1,"B",7.32416,1042,1041,111,1,240,2,2,"0 4",1000,0,100,80,20,0.2,0,0.8,0,0,"only B"
"683","iyox743l",7,1,"B",8.730651,1045,1044,111,1,240,2,2,"0 4",1000,0,100,80,20,0.2,0,0.8,0,0,"only B"
"684","iyox743l",7,1,"B",9.581879,1047,1046,111,1,240,2,2,"0 4",1000,0,100,80,20,0.2,0,0.8,0,0,"only B"
"685","iyox743l",7,1,"B",15.984266,1056,1052,113,1,240,2,2,"0 4",1000,0,100,80,20,0.2,0,0.8,0,0,"only B"
"686","iyox743l",7,1,"B",34.291598,1063,1051,111,1,240,2,2,"0 4",1000,0,100,80,20,0.2,0,0.8,0,0,"only B"
"687","iyox743l",7,1,"B",37.436044,1066,1065,112,1,240,2,2,"0 4",1000,0,100,80,20,0.2,0,0.8,0,0,"only B"
"688","iyox743l",7,1,"B",43.511651,1069,1068,112,1,240,2,2,"0 4",1000,0,100,80,20,0.2,0,0.8,0,0,"only B"
"689","iyox743l",7,1,"B",45.481575,1070,1067,113,1,240,2,2,"0 4",1000,0,100,80,20,0.2,0,0.8,0,0,"only B"
"690","iyox743l",7,1,"B",54.528971,1071,1033,110,1,240,2,2,"0 4",1000,0,100,80,20,0.2,0,0.8,0,0,"only B"
"691","iyox743l",7,1,"B",63.698107,1075,1072,111,1,240,2,2,"0 4",1000,0,100,80,20,0.2,0,0.8,0,0,"only B"
"692","iyox743l",7,1,"B",68.010157,1077,1074,113,1,240,2,2,"0 4",1000,0,100,80,20,0.2,0,0.8,0,0,"only B"
"693","iyox743l",7,1,"B",77.289533,1080,1076,113,1,240,2,2,"0 4",1000,0,100,80,20,0.2,0,0.8,0,0,"only B"
"694","iyox743l",7,1,"B",123.030047,1122,1117,111,1,240,2,2,"0 4",1000,0,100,80,20,0.2,0,0.8,0,0,"only B"
"695","iyox743l",7,1,"B",210.762474,1130,1078,113,1,240,2,2,"0 4",1000,0,100,80,20,0.2,0,0.8,0,0,"only B"
"696","iyox743l",8,1,"B",6.827191,1143,1138,112,1,240,2,2,"0 4",1000,0,100,80,20,0.2,0,0.8,0,0,"only B"
"697","iyox743l",8,1,"B",7.194861,1144,1136,111,1,240,2,2,"0 4",1000,0,100,80,20,0.2,0,0.8,0,0,"only B"
"698","iyox743l",8,1,"B",9.369158,1148,1145,112,1,240,2,2,"0 4",1000,0,100,80,20,0.2,0,0.8,0,0,"only B"
"699","iyox743l",8,1,"B",10.400781,1150,1147,111,1,240,2,2,"0 4",1000,0,100,80,20,0.2,0,0.8,0,0,"only B"
"700","iyox743l",8,1,"B",10.828655,1151,1149,112,1,240,2,2,"0 4",1000,0,100,80,20,0.2,0,0.8,0,0,"only B"
"701","iyox743l",8,1,"B",11.120338,1152,1137,110,1,240,2,2,"0 4",1000,0,100,80,20,0.2,0,0.8,0,0,"only B"
"702","iyox743l",8,1,"B",12.633939,1154,1153,112,1,240,2,2,"0 4",1000,0,100,80,20,0.2,0,0.8,0,0,"only B"
"703","iyox743l",8,1,"B",14.906097,1158,1155,111,1,240,2,2,"0 4",1000,0,100,80,20,0.2,0,0.8,0,0,"only B"
"704","iyox743l",8,1,"B",23.065035,1166,1161,113,1,240,2,2,"0 4",1000,0,100,80,20,0.2,0,0.8,0,0,"only B"
"705","iyox743l",8,1,"B",24.338804,1167,1162,113,1,240,2,2,"0 4",1000,0,100,80,20,0.2,0,0.8,0,0,"only B"
"706","iyox743l",8,1,"B",30.27998,1174,1170,114,1,240,2,2,"0 4",1000,0,100,80,20,0.2,0,0.8,0,0,"only B"
"707","iyox743l",8,1,"B",30.710516,1176,1175,113,1,240,2,2,"0 4",1000,0,100,80,20,0.2,0,0.8,0,0,"only B"
"708","iyox743l",8,1,"B",31.859379,1178,1173,114,1,240,2,2,"0 4",1000,0,100,80,20,0.2,0,0.8,0,0,"only B"
"709","iyox743l",8,1,"B",32.163697,1179,1177,114,1,240,2,2,"0 4",1000,0,100,80,20,0.2,0,0.8,0,0,"only B"
"710","iyox743l",8,1,"B",42.435528,1183,1182,113,1,240,2,2,"0 4",1000,0,100,80,20,0.2,0,0.8,0,0,"only B"
"711","iyox743l",8,1,"B",60.803895,1192,1190,112,1,240,2,2,"0 4",1000,0,100,80,20,0.2,0,0.8,0,0,"only B"
"712","iyox743l",8,1,"B",75.478495,1198,1195,113,1,240,2,2,"0 4",1000,0,100,80,20,0.2,0,0.8,0,0,"only B"
"713","iyox743l",8,1,"B",75.622977,1199,1197,113,1,240,2,2,"0 4",1000,0,100,80,20,0.2,0,0.8,0,0,"only B"
"714","iyox743l",8,1,"B",124.654215,1204,1180,114,1,240,2,2,"0 4",1000,0,100,80,20,0.2,0,0.8,0,0,"only B"
"715","iyox743l",8,1,"B",134.724396,1205,1186,114,1,240,2,2,"0 4",1000,0,100,80,20,0.2,0,0.8,0,0,"only B"
"716","iyox743l",8,1,"B",138.848185,1206,1203,113,1,240,2,2,"0 4",1000,0,100,80,20,0.2,0,0.8,0,0,"only B"
"717","iyox743l",8,1,"B",143.400823,1208,1207,114,1,240,2,2,"0 4",1000,0,100,80,20,0.2,0,0.8,0,0,"only B"
"718","iyox743l",8,1,"B",154.388995,1211,1165,115,1,240,2,2,"0 4",1000,0,100,80,20,0.2,0,0.8,0,0,"only B"
"719","iyox743l",8,1,"B",167.844855,1215,1168,115,1,240,2,2,"0 4",1000,0,100,80,20,0.2,0,0.8,0,0,"only B"
"720","iyox743l",8,1,"B",174.362955,1217,1169,115,1,240,2,2,"0 4",1000,0,100,80,20,0.2,0,0.8,0,0,"only B"
"721","iyox743l",8,1,"B",239.582197,1228,1226,117,1,240,2,2,"0 4",1000,0,100,80,20,0.2,0,0.8,0,0,"only B"
